sku,offer_id,family,title,product_url,quality_score,quality_max,missing_fields
"MFL1295","shopify_ZZ_15061670592880_53472994427248","mailers","12 1/8 x 9 1/4 x 5 White Corrugated Literature Mailer - Self-Seal, 50 Pack","https://packrift.com/products/12-1-8-x-9-1-4-x-5-white-corrugated-literature-mailer-self-seal-50-pack","10","10",""
"1066","shopify_ZZ_15061650243952_53472879935856","boxes","10x6x6 ECT-32 Kraft Long Corrugated Boxes - 25 Bundle","https://packrift.com/products/10x6x6-ect-32-kraft-long-corrugated-boxes-25-bundle","9","10","details_3_plus"
"LL251WR","shopify_ZZ_15062414000496_53475925492080","labels","2 5/8"" x 1"" Weather-Resistant Polyester Laser Labels - 3000/Case","https://packrift.com/products/2-5-8-x-1-weather-resistant-polyester-laser-labels-3000-case","10","10",""
"20146","shopify_ZZ_15061262303600_53449722659184","boxes","20x14x6 ECT-32 Kraft Corrugated Boxes - Shallow Depth Design, Bundle of 25","https://packrift.com/products/20x14x6-ect-32-kraft-corrugated-boxes-shallow-depth-design-bundle-of-25","10","10",""
"1054","shopify_ZZ_15061651095920_53472881213808","boxes","10x5x4 ECT-32 Kraft Corrugated Boxes - Long Side Opening, 25 Bundle","https://packrift.com/products/10x5x4-ect-32-kraft-corrugated-boxes-ai-long-side-opening-bundle-of-25","10","10",""
"1265","shopify_ZZ_15061647130992_53472876331376","boxes","12x6x5"" ECT-32 Kraft Corrugated Long Boxes - 25 Bundle","https://packrift.com/products/12x6x5-ect-32-kraft-corrugated-long-boxes-25-bundle","10","10",""
"1333","shopify_ZZ_15061650407792_53472880066928","boxes","13x3x3 ECT-32 Kraft Corrugated Long Boxes - Easy Pack, 25 Bundle","https://packrift.com/products/13x3x3-ect-32-kraft-corrugated-long-boxes-easy-pack-bundle-of-25","10","10",""
"1388","shopify_ZZ_15061637300592_53472863093104","boxes","13x8x8 ECT-32 Kraft Corrugated Boxes - Long Item Shipping, 25 Bundle","https://packrift.com/products/13x8x8-ect-32-kraft-corrugated-boxes-long-item-shipping-bundle-of-25","10","10",""
"1466","shopify_ZZ_15061641527664_53472868368752","boxes","14x6x6"" ECT-32 Kraft Corrugated Boxes - Long Item Shipping, 25 Bundle","https://packrift.com/products/14x6x6-ect-32-kraft-corrugated-boxes-long-item-shipping-bundle-of-25","9","10","pack_count_signal"
"1477","shopify_ZZ_15061638447472_53472864371056","boxes","14x7x7 ECT-32 Kraft Corrugated Boxes - Long Item Shipping, 25-Pack","https://packrift.com/products/14x7x7-ect-32-kraft-corrugated-boxes-long-item-shipping-25-pack","10","10",""
"1664","shopify_ZZ_15061635924336_53472861651312","boxes","16x6x4 ECT-32 Kraft Corrugated Boxes - Easy Pack Long Design, 25 Bundle","https://packrift.com/products/16x6x4-ect-32-kraft-corrugated-boxes-easy-pack-long-design-bundle-of-25","10","10",""
"1666","shopify_ZZ_15061635989872_53472861716848","boxes","16x6x6 ECT-32 Kraft Corrugated Boxes - Long Format Shipping, 25 Bundle","https://packrift.com/products/16x6x6-ect-32-kraft-corrugated-boxes-long-format-shipping-bundle-of-25","10","10",""
"1686","shopify_ZZ_15061628977520_53472841466224","boxes","16x8x6 ECT-32 Kraft Corrugated Boxes - Long Format, 25 Bundle","https://packrift.com/products/16x8x6-ect-32-kraft-corrugated-boxes-long-format-bundle-of-25","10","10",""
"1688","shopify_ZZ_15061629010288_53472841498992","boxes","16x8x8 ECT-32 Kraft Corrugated Long Boxes - Easy Pack Design, 25 Bundle","https://packrift.com/products/16x8x8-ect-32-kraft-corrugated-long-boxes-easy-pack-design-bundle-of-25","10","10",""
"1693","shopify_ZZ_15061623570800_53472831668592","boxes","16x9x3"" ECT-32 Kraft Corrugated Boxes - Easy-Pack Long Format, 25 Bundle","https://packrift.com/products/16x9x3-ect-32-kraft-corrugated-boxes-easy-pack-long-format-bundle-of-25","10","10",""
"1844","shopify_ZZ_15061634187632_53472859718000","boxes","18x4x4 ECT-32 Kraft Corrugated Long Boxes - Easy Pack, 25 Bundle","https://packrift.com/products/18x4x4-ect-32-kraft-corrugated-long-boxes-easy-pack-bundle-of-25","10","10",""
"1884","shopify_ZZ_15061621309808_53472829047152","boxes","18x8x4"" ECT-32 Kraft Corrugated Boxes - Long Item Shipping, 25 Bundle","https://packrift.com/products/18x8x4-ect-32-kraft-corrugated-boxes-long-item-shipping-bundle-of-25","9","10","pack_count_signal"
"1888","shopify_ZZ_15061621637488_53472829407600","boxes","18x8x8"" ECT-32 Kraft Corrugated Boxes - Long Item Shipping, 25 Bundle","https://packrift.com/products/18x8x8-ect-32-kraft-corrugated-boxes-long-item-shipping-bundle-of-25","10","10",""
"1964","shopify_ZZ_15061623734640_53472831832432","boxes","19x6x4 ECT-32 Kraft Corrugated Boxes - Easy-Pack Long Format, 25 Bundle","https://packrift.com/products/19x6x4-ect-32-kraft-corrugated-boxes-ai-easy-pack-long-format-bundle-of-25","10","10",""
"201010","shopify_ZZ_15061274263920_53450659070320","boxes","20x10x10 ECT-32 Kraft Corrugated Long Boxes - 25 Bundle","https://packrift.com/products/20x10x10-ect-32-kraft-corrugated-long-boxes-25-bundle","10","10",""
"20108","shopify_ZZ_15061274198384_53450650878320","boxes","20x10x8 ECT-32 Kraft Corrugated Boxes - Easy-Pack Long Format, 20 Bundle","https://packrift.com/products/20x10x8-ect-32-kraft-corrugated-boxes-ai-easy-pack-long-format-bundle-of-20","10","10",""
"201212","shopify_ZZ_15061267808624_53450056401264","boxes","20x12x12 ECT-32 Kraft Corrugated Boxes - Long Item Shipping, 20 Bundle","https://packrift.com/products/20x12x12-ect-32-kraft-corrugated-boxes-long-item-shipping-bundle-of-20","10","10",""
"2086","shopify_ZZ_15061247656304_53448506179952","boxes","20x8x6 ECT-32 Kraft Corrugated Boxes - Long Item Shipping, 25-Pack","https://packrift.com/products/20x8x6-ect-32-kraft-corrugated-boxes-long-item-shipping-25-pack","10","10",""
"2088","shopify_ZZ_15061282750832_53451303354736","boxes","20x8x8 ECT-32 Kraft Corrugated Long Boxes - Easy Pack Design, 25 Bundle","https://packrift.com/products/20x8x8-ect-32-kraft-corrugated-long-boxes-easy-pack-design-bundle-of-25","9","10","pack_count_signal"
"241010","shopify_ZZ_15061262958960_53449723609456","boxes","24x10x10 ECT-32 Kraft Corrugated Boxes - Long Format, 25 Bundle","https://packrift.com/products/24x10x10-ect-32-kraft-corrugated-boxes-long-format-bundle-of-25","10","10",""
"24108","shopify_ZZ_15061262926192_53449723576688","boxes","24x10x8 ECT-32 Kraft Corrugated Long Boxes - Easy Pack Design, 25 Bundle","https://packrift.com/products/24x10x8-ect-32-kraft-corrugated-long-boxes-easy-pack-design-bundle-of-25","10","10",""
"241212","shopify_ZZ_15061253521776_53449051603312","boxes","24x12x12 ECT-32 Kraft Corrugated Boxes - Long Item Shipping, 20 Bundle","https://packrift.com/products/24x12x12-ect-32-kraft-corrugated-boxes-long-item-shipping-bundle-of-20","10","10",""
"2464","shopify_ZZ_15061274329456_53450659135856","boxes","24x6x4"" ECT-32 Kraft Corrugated Boxes - Easy-Pack Long Format, 25 Bundle","https://packrift.com/products/24x6x4-ect-32-kraft-corrugated-boxes-easy-pack-long-format-bundle-of-25","10","10",""
"2466","shopify_ZZ_15061276852592_53450897490288","boxes","24x6x6 ECT-32 Kraft Corrugated Boxes - Long Opening Design, 25 Bundle","https://packrift.com/products/24x6x6-ect-32-kraft-corrugated-boxes-long-opening-design-bundle-of-25","10","10",""
"2486","shopify_ZZ_15061268529520_53450122101104","boxes","24x8x6"" ECT-32 Kraft Corrugated Boxes - Long Item Shipping, 25 Bundle","https://packrift.com/products/24x8x6-ect-32-kraft-corrugated-boxes-long-item-shipping-bundle-of-25","10","10",""
"2488","shopify_ZZ_15061268627824_53450130719088","boxes","24x8x8 ECT-32 Kraft Corrugated Boxes - Easy Pack Long Format, 25 Bundle","https://packrift.com/products/24x8x8-ect-32-kraft-corrugated-boxes-easy-pack-long-format-bundle-of-25","10","10",""
"261010","shopify_ZZ_15061256896880_53449388523888","boxes","26x10x10 ECT-32 Kraft Corrugated Boxes - Long Item Shipping, 25-Pack","https://packrift.com/products/26x10x10-ect-32-kraft-corrugated-boxes-long-item-shipping-25-pack","10","10",""
"261212","shopify_ZZ_15061247394160_53448481177968","boxes","26x12x12 ECT-32 Kraft Corrugated Boxes - Long Item Shipping, 20 Bundle","https://packrift.com/products/26x12x12-ect-32-kraft-corrugated-boxes-long-item-shipping-bundle-of-20","10","10",""
"281010","shopify_ZZ_15061247525232_53448497594736","boxes","28x10x10 ECT-32 Kraft Corrugated Long Boxes - 25 Bundle","https://packrift.com/products/28x10x10-ect-32-kraft-corrugated-long-boxes-bundle-of-25","10","10",""
"281212","shopify_ZZ_15061246148976_53448479244656","boxes","28x12x12 ECT-32 Kraft Corrugated Boxes - Long Side Opening, 20 Bundle","https://packrift.com/products/28x12x12-ect-32-kraft-corrugated-boxes-long-side-opening-bundle-of-20","10","10",""
"301010","shopify_ZZ_15061246214512_53448479310192","boxes","30x10x10"" ECT-32 Kraft Corrugated Boxes - Easy Pack Long Format, 20 Bundle","https://packrift.com/products/30x10x10-ect-32-kraft-corrugated-boxes-easy-pack-long-format-bundle-of-20","10","10",""
"301212","shopify_ZZ_15061238317424_53448102084976","boxes","30x12x12 ECT-32 Kraft Corrugated Boxes - Long Item Shipping, 15 Bundle","https://packrift.com/products/30x12x12-ect-32-kraft-corrugated-boxes-long-item-shipping-bundle-of-15","10","10",""
"32106","shopify_ZZ_15061236023664_53447880278384","boxes","32x10x6.5"" ECT-32 Kraft Corrugated Boxes - Long Item Shipping, 20 Bundle","https://packrift.com/products/32x10x6-5-ect-32-kraft-corrugated-boxes-long-item-shipping-bundle-of-20","10","10",""
"321212","shopify_ZZ_15061233434992_53447617413488","boxes","32x12x12 ECT-32 Kraft Corrugated Long Boxes - Easy Pack, 20ct Bundle","https://packrift.com/products/32x12x12-ect-32-kraft-corrugated-long-boxes-easy-pack-20ct-bundle","10","10",""
"3266","shopify_ZZ_15061249753456_53448704098672","boxes","32x6x6 ECT-32 Kraft Long Corrugated Boxes - Easy Pack, 25 Bundle","https://packrift.com/products/32x6x6-ect-32-kraft-long-corrugated-boxes-easy-pack-bundle-of-25","10","10",""
"34106","shopify_ZZ_15061233500528_53447625605488","boxes","34x10x6 ECT-32 Kraft Corrugated Boxes - Easy-Pack Long Format, 10 Bundle","https://packrift.com/products/34x10x6-ect-32-kraft-corrugated-boxes-easy-pack-long-format-bundle-of-10","10","10",""
"36106","shopify_ZZ_15061225111920_53447228883312","boxes","36x10x6"" ECT-32 Kraft Corrugated Boxes - Long Format Shipping, 25 Bundle","https://packrift.com/products/36x10x6-ect-32-kraft-corrugated-boxes-long-format-shipping-bundle-of-25","9","10","details_3_plus"
"361212","shopify_ZZ_15061220884848_53447132250480","boxes","36x12x12 ECT-32 Kraft Corrugated Boxes - Long Format Shipping, 15-Pack","https://packrift.com/products/36x12x12-ect-32-kraft-corrugated-boxes-long-format-shipping-15-pack","9","10","details_3_plus"
"3666","shopify_ZZ_15061238448496_53448118468976","boxes","36x6x6 ECT-32 Kraft Corrugated Boxes - Long Format Shipping, 25 Bundle","https://packrift.com/products/36x6x6-ect-32-kraft-corrugated-boxes-long-format-shipping-bundle-of-25","10","10",""
"3688","shopify_ZZ_15061233697136_53447650181488","boxes","36x8x8 ECT-32 Kraft Corrugated Boxes - Easy-Pack Long Format, 25 Bundle","https://packrift.com/products/36x8x8-ect-32-kraft-corrugated-boxes-easy-pack-long-format-bundle-of-25","10","10",""
"441212","shopify_ZZ_15061198799216_53446006374768","boxes","44x12x12 ECT-32 Kraft Corrugated Long Boxes - Easy-Pack Design, 15 Bundle","https://packrift.com/products/44x12x12-ect-32-kraft-corrugated-long-boxes-easy-pack-design-bundle-of-15","9","10","details_3_plus"
"481212","shopify_ZZ_15061193884016_53445802197360","boxes","48x12x12"" ECT-32 Kraft Corrugated Boxes - Long Item Shipping, 10 Bundle","https://packrift.com/products/48x12x12-ect-32-kraft-corrugated-boxes-long-item-shipping-bundle-of-10","9","10","details_3_plus"
"481616","shopify_ZZ_15061187920240_53445442568560","boxes","48x16x16 ECT-32 Kraft Corrugated Boxes - Long Side Opening, 10 Bundle","https://packrift.com/products/48x16x16-ect-32-kraft-corrugated-boxes-long-side-opening-bundle-of-10","9","10","details_3_plus"
"4888","shopify_ZZ_15061199913328_53446008471920","boxes","48x8x8 ECT-32 Kraft Corrugated Boxes - Long Item Shipping, 20 Bundle","https://packrift.com/products/48x8x8-ect-32-kraft-corrugated-boxes-long-item-shipping-bundle-of-20","9","10","details_3_plus"
"501212","shopify_ZZ_15061188837744_53445517574512","boxes","50x12x12"" ECT-32 Kraft Corrugated Long Boxes - 10 Bundle","https://packrift.com/products/50x12x12-ect-32-kraft-corrugated-long-boxes-bundle-of-10","9","10","details_3_plus"
"633","shopify_ZZ_15061655880048_53472907297136","boxes","6x3x3 ECT-32 Kraft Corrugated Boxes - Long Item Shipping, 25 Bundle","https://packrift.com/products/6x3x3-ect-32-kraft-corrugated-boxes-long-item-shipping-bundle-of-25","10","10",""
"943","shopify_ZZ_15061653848432_53472893698416","boxes","9x4x3 ECT-32 Kraft Corrugated Boxes - Long Item Shipping, 25 Bundle","https://packrift.com/products/9x4x3-ect-32-kraft-corrugated-boxes-long-item-shipping-bundle-of-25","10","10",""
"MDMI1","shopify_ZZ_15061677539696_53473009762672","mailers","10 5/16 x 12 11/16"" ECT-32-B Corrugated DVD Literature Insert - 50 Pack","https://packrift.com/products/10-5-16-x-12-11-16-ect-32-b-corrugated-dvd-literature-insert-50-pack","10","10",""
"ML1084","shopify_ZZ_15062431891824_53475965895024","mailers","10.25 x 8.25 x 4"" White Corrugated Literature Mailers - 50 Pack","https://packrift.com/products/10-25-x-8-25-x-4-white-corrugated-literature-mailers-50-pack","10","10",""
"MLRCDI","shopify_ZZ_15061131493744_53442270691696","mailers","10.25x12.6875"" White Corrugated CD Literature Mailer Inserts - 50 Pack","https://packrift.com/products/10-25x12-6875-white-corrugated-cd-literature-mailer-inserts-50-pack","10","10",""
"MFL10102K","shopify_ZZ_15061666824560_53472988922224","mailers","10x10x2 Kraft Deluxe Literature Mailer - Crush Resistant, 50/Bundle","https://packrift.com/products/10x10x2-kraft-deluxe-literature-mailer-crush-resistant-50-bundle","10","10",""
"MFL10102","shopify_ZZ_15061669511536_53472992690544","mailers","10x10x2 White Corrugated Literature Mailers - Crush Resistant, 50 Bundle","https://packrift.com/products/10x10x2-white-corrugated-literature-mailers-crush-resistant-bundle-of-50","10","10",""
"M10102","shopify_ZZ_15062431629680_53475965108592","mailers","10x10x2 White Corrugated Literature Mailers - Self-Seal, 50-Pack","https://packrift.com/products/10x10x2-white-corrugated-literature-mailers-self-seal-50-pack","10","10",""
"MFL10103K","shopify_ZZ_15061666857328_53472988954992","mailers","10x10x3 Kraft Corrugated Literature Mailer - Crush Resistant, 50-Pack","https://packrift.com/products/10x10x3-kraft-corrugated-literature-mailer-crush-resistant-50-pack","10","10",""
"MFL10103","shopify_ZZ_15061669609840_53472992788848","mailers","10x10x3 White Corrugated Literature Mailer - Crush Resistant, 50 Bundle","https://packrift.com/products/10x10x3-white-corrugated-literature-mailer-crush-resistant-bundle-of-50","10","10",""
"ML10103","shopify_ZZ_15062431662448_53475965141360","mailers","10x10x3 White Corrugated Literature Mailers - Crush Resistant, 50-Pack","https://packrift.com/products/10x10x3-white-corrugated-literature-mailers-crush-resistant-50-pack","10","10",""
"MFL10104","shopify_ZZ_15061669642608_53472992821616","mailers","10x10x4 White Deluxe Literature Mailers ECT-32-B Corrugated - 50 Pack","https://packrift.com/products/10x10x4-white-deluxe-literature-mailers-ect-32-b-corrugated-50-pack","10","10",""
"MFL10104K","shopify_ZZ_15061666890096_53472988987760","mailers","10x10x4"" Kraft Corrugated Literature Mailer - Crush Resistant, 50 Bundle","https://packrift.com/products/10x10x4-kraft-corrugated-literature-mailer-crush-resistant-bundle-of-50","10","10",""
"MFL10105K","shopify_ZZ_15061666955632_53472989053296","mailers","10x10x5 Kraft Deluxe Literature Mailer - Crush Resistant, 50 Bundle","https://packrift.com/products/10x10x5-kraft-deluxe-literature-mailer-crush-resistant-bundle-of-50","10","10",""
"MFL10105","shopify_ZZ_15061669740912_53472992919920","mailers","10x10x5 White Corrugated Literature Mailers - Crush-Proof, 50 Bundle","https://packrift.com/products/10x10x5-white-corrugated-literature-mailers-crush-proof-bundle-of-50","10","10",""
"ML1043","shopify_ZZ_15062431465840_53475964944752","mailers","10x4x3 White Literature Mailers, ECT-32-B Corrugated, 50-Count Bundle","https://packrift.com/products/10x4x3-white-literature-mailers-ect-32-b-corrugated-50-count-bundle","10","10",""
"MFL1044K","shopify_ZZ_15061666660720_53472981942640","mailers","10x4x4 Kraft Corrugated Literature Mailer - Crush Resistant, 50 Pack","https://packrift.com/products/10x4x4-kraft-corrugated-literature-mailer-crush-resistant-50-pack","10","10",""
"MFL1044","shopify_ZZ_15061669478768_53472992526704","mailers","10x4x4 White Deluxe Literature Mailer ECT-32-B Corrugated - 50 Pack","https://packrift.com/products/10x4x4-white-deluxe-literature-mailer-ect-32-b-corrugated-50-pack","10","10",""
"MFL1081K","shopify_ZZ_15061666726256_53472982008176","mailers","10x8x1.5"" Kraft Corrugated Literature Mailer - Crush-Resistant, 50-Pack","https://packrift.com/products/10x8x1-5-kraft-corrugated-literature-mailer-crush-resistant-50-pack","10","10",""
"ML1092","shopify_ZZ_15062431531376_53475965010288","mailers","10x9x2 White Literature Mailers ECT-32 Corrugated - 50-Pack","https://packrift.com/products/10x9x2-white-literature-mailers-ect-32-corrugated-50-pack","10","10",""
"ML1093","shopify_ZZ_15062431564144_53475965043056","mailers","10x9x3 White Corrugated Literature Mailers - Professional Crush-Resistant, 50-Pack","https://packrift.com/products/10x9x3-white-corrugated-literature-mailers-professional-crush-resistant-50-pack","10","10",""
"ML1094","shopify_ZZ_15062431596912_53475965075824","mailers","10x9x4 White Corrugated Literature Mailer - Professional Presentation, 50 Bundle","https://packrift.com/products/10x9x4-white-corrugated-literature-mailer-professional-presentation-bundle-of-50","10","10",""
"ML1181","shopify_ZZ_15062432088432_53475966091632","mailers","11 1/8 x 8 3/4 x 1"" White Literature Mailers - ECT-32-B Corrugated, 50-Pack","https://packrift.com/products/11-1-8-x-8-3-4-x-1-white-literature-mailers-ect-32-b-corrugated-50-pack","10","10",""
"MFL1182K","shopify_ZZ_15061667021168_53472989118832","mailers","11 1/8 x 8 3/4 x 2"" Kraft Deluxe Literature Mailer - Crush Resistant, 50/Bundle","https://packrift.com/products/11-1-8-x-8-3-4-x-2-kraft-deluxe-literature-mailer-crush-resistant-50-bundle","10","10",""
"DLM1182","shopify_ZZ_15061677638000_53473009893744","mailers","11 1/8 x 8 3/4 x 2"" White Corrugated DVD Literature Mailer Kit - Self-Seal, 50-Pack","https://packrift.com/products/11-1-8-x-8-3-4-x-2-white-corrugated-dvd-literature-mailer-kit-self-seal-50-pack","10","10",""
"M1182","shopify_ZZ_15062432121200_53475966124400","mailers","11 1/8 x 8 3/4 x 2"" White Corrugated Literature Mailers - ECT-32-B, 50-Pack","https://packrift.com/products/11-1-8-x-8-3-4-x-2-white-corrugated-literature-mailers-ect-32-b-50-pack","10","10",""
"MFL1183K","shopify_ZZ_15061667053936_53472989151600","mailers","11 1/8 x 8 3/4 x 3"" Kraft Corrugated Literature Mailer - 50 Pack","https://packrift.com/products/11-1-8-x-8-3-4-x-3-kraft-corrugated-literature-mailer-50-pack","10","10",""
"M1183","shopify_ZZ_15062432219504_53475966222704","mailers","11 1/8 x 8 3/4 x 3"" White Literature Mailers - 50 Pack","https://packrift.com/products/11-1-8-x-8-3-4-x-3-white-literature-mailers-50-pack","10","10",""
"M1184K","shopify_ZZ_15061971698032_53474221425008","mailers","11 1/8 x 8 3/4 x 4"" Kraft Literature Mailers - Self-Seal, 50 Bundle","https://packrift.com/products/11-1-8-x-8-3-4-x-4-kraft-literature-mailers-self-seal-bundle-of-50","10","10",""
"M1185K","shopify_ZZ_15061971763568_53474221654384","mailers","11 1/8 x 8 3/4 x 5"" Kraft Literature Mailer - Self-Seal, ECT-32-B, 50 Bundle","https://packrift.com/products/11-1-8-x-8-3-4-x-5-kraft-literature-mailer-self-seal-ect-32-b-bundle-of-50","10","10",""
"M1186K","shopify_ZZ_15061971796336_53474221687152","mailers","11 1/8 x 8 3/4 x 6 Kraft Literature Mailers ECT-32 Corrugated - 50/Bundle","https://packrift.com/products/11-1-8-x-8-3-4-x-6-kraft-literature-mailers-ect-32-corrugated-50-bundle","10","10",""
"MFL1182","shopify_ZZ_15061669806448_53472992985456","mailers","11 1/8"" x 8 3/4"" x 2"" White ECT-32-B Deluxe Literature Mailers - 50/Bundle","https://packrift.com/products/11-1-8-x-8-3-4-x-2-white-ect-32-b-deluxe-literature-mailers-50-bundle","10","10",""
"CDLM1182","shopify_ZZ_15061131526512_53442270724464","mailers","11 1/8x8 3/4x2 White Corrugated CD Literature Mailers - 50 Bundle","https://packrift.com/products/11-1-8x8-3-4x2-white-corrugated-cd-literature-mailers-bundle-of-50","10","10",""
"MFL1183","shopify_ZZ_15061669839216_53472993280368","mailers","11 1/8x8 3/4x3 White Corrugated Literature Mailers - Self-Seal, 50 Bundle","https://packrift.com/products/11-1-8x8-3-4x3-white-corrugated-literature-mailers-self-seal-bundle-of-50","10","10",""
"MFL1184K","shopify_ZZ_15061667086704_53472989217136","mailers","11 1/8x8 3/4x4 Kraft Deluxe Literature Mailer - Crush Resistant, 50/Bundle","https://packrift.com/products/11-1-8x8-3-4x4-kraft-deluxe-literature-mailer-crush-resistant-50-bundle","10","10",""
"MFL1184","shopify_ZZ_15061669871984_53472993345904","mailers","11 1/8x8 3/4x4 White Corrugated Literature Mailers - Self-Seal, 50/Bundle","https://packrift.com/products/11-1-8x8-3-4x4-white-corrugated-literature-mailers-self-seal-50-bundle","10","10",""
"MFL1185","shopify_ZZ_15061669904752_53472993378672","mailers","11 1/8x8 3/4x5 White Deluxe Literature Mailer ECT-32-B Corrugated - 50 Bundle","https://packrift.com/products/11-1-8x8-3-4x5-white-deluxe-literature-mailer-ect-32-b-corrugated-bundle-of-50","10","10",""
"MFL1185K","shopify_ZZ_15061667185008_53472989315440","mailers","11 1/8x8 3/4x5"" Kraft Literature Mailer - Crush Resistant, 50/Bundle","https://packrift.com/products/11-1-8x8-3-4x5-kraft-literature-mailer-crush-resistant-50-bundle","10","10",""
"M11113","shopify_ZZ_15062432350576_53475966353776","mailers","11.5x11.5x3.75"" White Corrugated Literature Mailers - 50 Pack","https://packrift.com/products/11-5x11-5x3-75-white-corrugated-literature-mailers-50-pack","10","10",""
"MFL3RBK","shopify_ZZ_15061667250544_53472989512048","mailers","11.75x10.75x2.25 Kraft Deluxe Literature Mailers - Crush-Resistant, 50 Bundle","https://packrift.com/products/11-75x10-75x2-25-kraft-deluxe-literature-mailers-crush-resistant-bundle-of-50","10","10",""
"M3RB","shopify_ZZ_15062432383344_53475966386544","mailers","11.75x10.75x2.25 White Corrugated Literature Mailers - 50 Pack","https://packrift.com/products/11-75x10-75x2-25-white-corrugated-literature-mailers-50-pack","10","10",""
"MFL3RB","shopify_ZZ_15061669970288_53472993444208","mailers","11.75x10.75x2.25"" White Deluxe Literature Mailer - Self-Seal, 50-Box Bundle","https://packrift.com/products/11-75x10-75x2-25-white-deluxe-literature-mailer-self-seal-50-box-bundle","9","10","pack_count_signal"
"M11104","shopify_ZZ_15062432416112_53475966419312","mailers","11.75x10.75x4 White Corrugated Literature Mailers - 50 Pack","https://packrift.com/products/11-75x10-75x4-white-corrugated-literature-mailers-50-pack","10","10",""
"ML11112","shopify_ZZ_15062432022896_53475966026096","mailers","11x11x2 White Corrugated Literature Mailers - Professional Protection, 50-Pack","https://packrift.com/products/11x11x2-white-corrugated-literature-mailers-professional-protection-50-pack","10","10",""
"ML11114","shopify_ZZ_15062432055664_53475966058864","mailers","11x11x4 White Corrugated Literature Mailer - Self-Seal, 25 Pack","https://packrift.com/products/11x11x4-white-corrugated-literature-mailer-self-seal-25-pack","10","10",""
"M1162K","shopify_ZZ_15061971566960_53474221293936","mailers","11x6.5x2.75 Kraft Literature Mailer - Self-Seal, ECT-32 Corrugated, 50/Bundle","https://packrift.com/products/11x6-5x2-75-kraft-literature-mailer-self-seal-ect-32-corrugated-50-bundle","10","10",""
"ML1291R","shopify_ZZ_15062433202544_53475969171824","mailers","12 1/8 x 9 1/4 x 1 1/4 White Corrugated Literature Mailers - 50 Pack","https://packrift.com/products/12-1-8-x-9-1-4-x-1-1-4-white-corrugated-literature-mailers-50-pack","10","10",""
"MFL1292","shopify_ZZ_15061670429040_53472994230640","mailers","12 1/8 x 9 1/4 x 2"" White Deluxe Literature Mailers - Self-Seal, 50-Pack","https://packrift.com/products/12-1-8-x-9-1-4-x-2-white-deluxe-literature-mailers-self-seal-50-pack","10","10",""
"M1293","shopify_ZZ_15062433530224_53475970056560","mailers","12 1/8 x 9 1/4 x 3 White Corrugated Literature Mailers - 50/Bundle","https://packrift.com/products/12-1-8-x-9-1-4-x-3-white-corrugated-literature-mailers-50-bundle","10","10",""
"MFL1293K","shopify_ZZ_15061667676528_53472989970800","mailers","12 1/8 x 9 1/4 x 3"" Kraft Corrugated Literature Mailers - Crush Resistant, 50 Bundle","https://packrift.com/products/12-1-8-x-9-1-4-x-3-kraft-corrugated-literature-mailers-crush-resistant-bundle-of-50","10","10",""
"M1293K","shopify_ZZ_15061972255088_53474222178672","mailers","12 1/8 x 9 1/4 x 3"" Kraft Literature Mailers - 50-Count Bundle","https://packrift.com/products/12-1-8-x-9-1-4-x-3-kraft-literature-mailers-50-count-bundle","10","10",""
"MFL1293","shopify_ZZ_15061670494576_53472994328944","mailers","12 1/8 x 9 1/4 x 3"" White Deluxe Literature Mailers - Self-Seal, 50-Pack","https://packrift.com/products/12-1-8-x-9-1-4-x-3-white-deluxe-literature-mailers-self-seal-50-pack","10","10",""
"M1294K","shopify_ZZ_15061972320624_53474222309744","mailers","12 1/8 x 9 1/4 x 4"" Kraft Literature Mailers - Self-Seal, 50/Bundle","https://packrift.com/products/12-1-8-x-9-1-4-x-4-kraft-literature-mailers-self-seal-50-bundle","10","10",""
"M1294","shopify_ZZ_15062433726832_53475970613616","mailers","12 1/8 x 9 1/4 x 4"" White Corrugated Literature Mailers - Self-Seal, 50 Bundle","https://packrift.com/products/12-1-8-x-9-1-4-x-4-white-corrugated-literature-mailers-self-seal-bundle-of-50","10","10",""
"ML1296","shopify_ZZ_15062433825136_53475970711920","mailers","12 1/8 x 9 1/4 x 6 1/2"" White Corrugated Literature Mailers - 50 Pack","https://packrift.com/products/12-1-8-x-9-1-4-x-6-1-2-white-corrugated-literature-mailers-50-pack","10","10",""
"MFL1296K","shopify_ZZ_15061667348848_53472989643120","mailers","12 1/8 x 9 1/4 x 6"" Kraft Deluxe Literature Mailer - Crush Resistant, 50-Pack","https://packrift.com/products/12-1-8-x-9-1-4-x-6-kraft-deluxe-literature-mailer-crush-resistant-50-pack","10","10",""
"MFL1294K","shopify_ZZ_15061667709296_53472990003568","mailers","12 1/8"" x 9 1/4"" x 4"" Kraft Deluxe Literature Mailer - 50 Pack","https://packrift.com/products/12-1-8-x-9-1-4-x-4-kraft-deluxe-literature-mailer-50-pack","10","10",""
"MFL1294","shopify_ZZ_15061670560112_53472994394480","mailers","12 1/8x9 1/4x4 White Deluxe Literature Mailers - Self-Seal, 50/Bundle","https://packrift.com/products/12-1-8x9-1-4x4-white-deluxe-literature-mailers-self-seal-50-bundle","10","10",""
"ML1296K","shopify_ZZ_15061972451696_53474222539120","mailers","12 1/8x9 1/4x6 1/2"" Kraft Literature Mailers - Self-Seal, 50-Pack","https://packrift.com/products/12-1-8x9-1-4x6-1-2-kraft-literature-mailers-self-seal-50-pack","10","10",""
"M1296","shopify_ZZ_15062433792368_53475970679152","mailers","12 1/8x9 1/4x6 White Corrugated Literature Mailers - Crush Resistant, 50/Bundle","https://packrift.com/products/12-1-8x9-1-4x6-white-corrugated-literature-mailers-crush-resistant-50-bundle","10","10",""
"MFL1296","shopify_ZZ_15061670625648_53472994460016","mailers","12 1/8x9 1/4x6 White Deluxe Literature Mailers - Crush Resistant, 50-Count Bundle","https://packrift.com/products/12-1-8x9-1-4x6-white-deluxe-literature-mailers-crush-resistant-50-count-bundle","10","10",""
"T9659485","shopify_ZZ_15061062025584_53436426125680","tape","1"" x 60 yds 3M 9485PC Adhesive Transfer Tape Hand Roll - Case of 36","https://packrift.com/products/1-x-60-yds-3m-9485pc-adhesive-transfer-tape-hand-roll-case-of-36","9","10","details_3_plus"
"T9659627","shopify_ZZ_15061063893360_53436600975728","tape","1"" x 60 yds 3M 9627 Adhesive Transfer Tape - 5.0 Mil, Case of 36","https://packrift.com/products/1-x-60-yds-3m-9627-adhesive-transfer-tape-5-0-mil-case-of-36","9","10","details_3_plus"
"T964069","shopify_ZZ_15061033288048_53434830029168","tape","3/4"" x 66' White Glass Cloth Electrical Tape 69 - High Temp, Case of 50","https://packrift.com/products/3-4-x-66-white-glass-cloth-electrical-tape-69-high-temp-case-of-50","9","10","details_3_plus"
"10103","shopify_ZZ_15061640151408_53472866238832","boxes","10x10x3 ECT-32 Kraft Corrugated Boxes - Shallow Depth Shipping, Bundle of 25","https://packrift.com/products/10x10x3-ect-32-kraft-corrugated-boxes-shallow-depth-shipping-bundle-of-25","10","10",""
"10108","shopify_ZZ_15061640282480_53472866402672","boxes","10x10x8 ECT-32 Kraft Corrugated Boxes - Bundle of 25","https://packrift.com/products/10x10x8-ect-32-kraft-corrugated-boxes-bundle-of-25","10","10",""
"1074","shopify_ZZ_15061648114032_53472877379952","boxes","10x7x4 ECT-32 Kraft Corrugated Boxes - Standard Strength Shipping, 25-Pack","https://packrift.com/products/10x7x4-ect-32-kraft-corrugated-boxes-standard-strength-shipping-25-pack","10","10",""
"1075","shopify_ZZ_15061648179568_53472877445488","boxes","10x7x5"" ECT-32 Kraft Corrugated Boxes - Durable Shipping, 25-Pack","https://packrift.com/products/10x7x5-ect-32-kraft-corrugated-boxes-durable-shipping-25-pack","10","10",""
"1083","shopify_ZZ_15061646508400_53472875708784","boxes","10x8x3"" ECT-32 Kraft Corrugated Boxes - Shallow Depth Shipping, Bundle of 25","https://packrift.com/products/10x8x3-ect-32-kraft-corrugated-boxes-shallow-depth-shipping-bundle-of-25","10","10",""
"1098","shopify_ZZ_15061644312944_53472872268144","boxes","10x9x8 ECT-32 Kraft Corrugated Boxes - Flat Ship Storage, 25-Pack","https://packrift.com/products/10x9x8-ect-32-kraft-corrugated-boxes-flat-ship-storage-25-pack","10","10",""
"111111","shopify_ZZ_15061633532272_53472859062640","boxes","11x11x11"" ECT-32 Kraft Corrugated Cube Boxes - Bundle of 25","https://packrift.com/products/11x11x11-ect-32-kraft-corrugated-cube-boxes-bundle-of-25","10","10",""
"111113","shopify_ZZ_15061624815984_53472833274224","boxes","11x11x13 ECT-32 Kraft Corrugated Boxes - 25-Pack Bundle","https://packrift.com/products/11x11x13-ect-32-kraft-corrugated-boxes-25-pack-bundle","10","10",""
"11118","shopify_ZZ_15061633433968_53472858964336","boxes","11x11x8"" ECT-32 Kraft Corrugated Boxes - Bundle of 25","https://packrift.com/products/11x11x8-ect-32-kraft-corrugated-boxes-bundle-of-25","10","10",""
"11812","shopify_ZZ_15061637497200_53472863322480","boxes","11.25x8.75x12 ECT-32 Kraft Corrugated Boxes - Protect Documents & Printed Materials, 25-Box Bundle","https://packrift.com/products/11-25x8-75x12-ect-32-kraft-corrugated-boxes-protect-documents-printed-materials-25-box-bundle","10","10",""
"1184SCW","shopify_ZZ_15061639496048_53472865485168","boxes","11.75 x 8.75 x 4.75"" White Corrugated Boxes ECT-32 - Bundle of 25","https://packrift.com/products/11-75-x-8-75-x-4-75-white-corrugated-boxes-ect-32-bundle-of-25","10","10",""
"1188","shopify_ZZ_15061639561584_53472865550704","boxes","11.75x8.75x8.75 ECT-32 Kraft Corrugated Boxes - 25 Bundle","https://packrift.com/products/11-75x8-75x8-75-ect-32-kraft-corrugated-boxes-25-bundle","10","10",""
"1188R","shopify_ZZ_15061644607856_53472872563056","boxes","11x8x8 ECT-32 Kraft Corrugated Boxes - 25-Pack Bundle","https://packrift.com/products/11x8x8-ect-32-kraft-corrugated-boxes-25-pack-bundle","10","10",""
"1196","shopify_ZZ_15061642084720_53472869712240","boxes","11x9x6 ECT-32 Kraft Corrugated Boxes - Bundle of 25","https://packrift.com/products/11x9x6-ect-32-kraft-corrugated-boxes-bundle-of-25","10","10",""
"121010W","shopify_ZZ_15061635203440_53472860799344","boxes","12x10x10 White Corrugated Boxes ECT-32 | 25-Pack Shipping Cartons","https://packrift.com/products/12x10x10-white-corrugated-boxes-ect-32-25-pack-shipping-cartons","10","10",""
"12108","shopify_ZZ_15061634908528_53472860471664","boxes","12x10x8 ECT-32 Kraft Corrugated Boxes - Standard Strength Shipping, Bundle of 25","https://packrift.com/products/12x10x8-ect-32-kraft-corrugated-boxes-standard-strength-shipping-bundle-of-25","10","10",""
"12116","shopify_ZZ_15061630386544_53472843268464","boxes","12x11x6 ECT-32 Kraft Corrugated Boxes - Flat Ship Storage, 25-Pack","https://packrift.com/products/12x11x6-ect-32-kraft-corrugated-boxes-flat-ship-storage-25-pack","10","10",""
"121213","shopify_ZZ_15061285110128_53451590566256","boxes","12.75x12.75x13.5 ECT-32 Kraft Master Carton Box - Freight Savings, Bundle of 25","https://packrift.com/products/12-75x12-75x13-5-ect-32-kraft-master-carton-box-freight-savings-bundle-of-25","10","10",""
"121224","shopify_ZZ_15061251785072_53448895103344","boxes","12x12x24 ECT-32 Kraft Corrugated Boxes - End Load Tall Design, 25-Pack","https://packrift.com/products/12x12x24-ect-32-kraft-corrugated-boxes-end-load-tall-design-25-pack","10","10",""
"121236","shopify_ZZ_15061216657776_53446770098544","boxes","12x12x36"" Tall Corrugated Boxes, ECT-32 Kraft, Bundle of 15","https://packrift.com/products/12x12x36-tall-corrugated-boxes-ect-32-kraft-bundle-of-15","9","10","details_3_plus"
"12126","shopify_ZZ_15061627371888_53472839762288","boxes","12x12x6 ECT-32 Kraft Corrugated Boxes - Bundle of 25","https://packrift.com/products/12x12x6-ect-32-kraft-corrugated-boxes-bundle-of-25","10","10",""
"12126R","shopify_ZZ_15061622751600_53472830783856","boxes","12.5x12.5x6 ECT-32 Kraft Corrugated Boxes - Bundle of 25","https://packrift.com/products/12-5x12-5x6-ect-32-kraft-corrugated-boxes-bundle-of-25","10","10",""
"12128W","shopify_ZZ_15061627568496_53472839958896","boxes","12x12x8 ECT-32 White Corrugated Boxes - 25 Pack Bundle","https://packrift.com/products/12x12x8-ect-32-white-corrugated-boxes-25-pack-bundle","10","10",""
"1268","shopify_ZZ_15061647262064_53472876462448","boxes","12x6x8"" ECT-32 Kraft Corrugated Boxes - Durable Shipping, Bundle of 25","https://packrift.com/products/12x6x8-ect-32-kraft-corrugated-boxes-durable-shipping-bundle-of-25","10","10",""
"1286","shopify_ZZ_15061643428208_53472871088496","boxes","12x8x6 ECT-32 Kraft Corrugated Boxes - Standard Strength Shipping, Bundle of 25","https://packrift.com/products/12x8x6-ect-32-kraft-corrugated-boxes-standard-strength-shipping-bundle-of-25","10","10",""
"1287","shopify_ZZ_15061643460976_53472871121264","boxes","12x8x7 ECT-32 Kraft Corrugated Boxes - Reliable Shipping, Bundle of 25","https://packrift.com/products/12x8x7-ect-32-kraft-corrugated-boxes-reliable-shipping-bundle-of-25","10","10",""
"1297","shopify_ZZ_15061638021488_53472863945072","boxes","12x9x7"" ECT-32 Kraft Corrugated Boxes - Reliable Shipping, 25-Pack","https://packrift.com/products/12x9x7-ect-32-kraft-corrugated-boxes-reliable-shipping-25-pack","10","10",""
"131010","shopify_ZZ_15061632450928_53472857129328","boxes","13x10x10"" ECT-32 Kraft Corrugated Boxes - 25-Pack Bundle","https://packrift.com/products/13x10x10-ect-32-kraft-corrugated-boxes-25-pack-bundle","10","10",""
"13107","shopify_ZZ_15061629731184_53472842350960","boxes","13x10x7 ECT-32 Kraft Corrugated Boxes - Single Wall Strength, Bundle of 25","https://packrift.com/products/13x10x7-ect-32-kraft-corrugated-boxes-single-wall-strength-bundle-of-25","10","10",""
"13109SC","shopify_ZZ_15061629337968_53472841859440","boxes","13.25x10.25x9 ECT-32 Kraft Corrugated Boxes - 25-Count Bundle","https://packrift.com/products/13-25x10-25x9-ect-32-kraft-corrugated-boxes-25-count-bundle","10","10",""
"131313","shopify_ZZ_15061286060400_53451705483632","boxes","13x13x13 ECT-32 Kraft Corrugated Boxes - Cube Cartons, 25-Pack","https://packrift.com/products/13x13x13-ect-32-kraft-corrugated-boxes-cube-cartons-25-pack","10","10",""
"13135","shopify_ZZ_15061287043440_53451804541296","boxes","13x13x5 ECT-32 Kraft Corrugated Boxes - 25 Bundle","https://packrift.com/products/13x13x5-ect-32-kraft-corrugated-boxes-25-bundle","9","10","pack_count_signal"
"13138","shopify_ZZ_15061287240048_53451829150064","boxes","13x13x8 ECT-32 Kraft Corrugated Boxes - Reliable Strength, 25-Pack Bundle","https://packrift.com/products/13x13x8-ect-32-kraft-corrugated-boxes-reliable-strength-25-pack-bundle","10","10",""
"13139","shopify_ZZ_15061285929328_53451680940400","boxes","13x13x9 ECT-32 Kraft Corrugated Boxes - Reliable Shipping, Bundle of 25","https://packrift.com/products/13x13x9-ect-32-kraft-corrugated-boxes-reliable-shipping-bundle-of-25","10","10",""
"1399","shopify_ZZ_15061635465584_53472861061488","boxes","13x9x9 ECT-32 Kraft Corrugated Boxes - Reliable Shipping, Bundle of 25","https://packrift.com/products/13x9x9-ect-32-kraft-corrugated-boxes-reliable-shipping-bundle-of-25","10","10",""
"141010","shopify_ZZ_15061628649840_53472841040240","boxes","14x10x10 ECT-32 Kraft Corrugated Boxes - Durable Shipping, 25-Pack","https://packrift.com/products/14x10x10-ect-32-kraft-corrugated-boxes-durable-shipping-25-pack","10","10",""
"14116","shopify_ZZ_15061622292848_53472830194032","boxes","14x11x6 ECT-32 Kraft Corrugated Boxes - Bundle of 25","https://packrift.com/products/14x11x6-ect-32-kraft-corrugated-boxes-bundle-of-25","10","10",""
"141212","shopify_ZZ_15061287600496_53451870208368","boxes","14x12x12"" ECT-32 Kraft Corrugated Boxes - 25/Bundle","https://packrift.com/products/14x12x12-ect-32-kraft-corrugated-boxes-25-bundle","10","10",""
"14124","shopify_ZZ_15061621506416_53472829276528","boxes","14x12x4 ECT-32 Kraft Corrugated Boxes - Shallow Depth Shipping, Bundle of 25","https://packrift.com/products/14x12x4-ect-32-kraft-corrugated-boxes-shallow-depth-shipping-bundle-of-25","10","10",""
"141412","shopify_ZZ_15061281112432_53451122114928","boxes","14x14x12 ECT-32 Kraft Corrugated Boxes - Industrial Strength, Bundle of 25","https://packrift.com/products/14x14x12-ect-32-kraft-corrugated-boxes-industrial-strength-bundle-of-25","10","10",""
"14144","shopify_ZZ_15061280391536_53451032002928","boxes","14x14x4"" ECT-32 Kraft Corrugated Boxes - Shallow Depth Shipping, 25-Pack","https://packrift.com/products/14x14x4-ect-32-kraft-corrugated-boxes-shallow-depth-shipping-25-pack","10","10",""
"141440","shopify_ZZ_15061201879408_53446011978096","boxes","14x14x40"" ECT-32 Kraft Corrugated Boxes - Bundle of 15","https://packrift.com/products/14x14x40-ect-32-kraft-corrugated-boxes-bundle-of-15","9","10","details_3_plus"
"1462","shopify_ZZ_15061641462128_53472868303216","boxes","14x6x2 ECT-32 Kraft Corrugated Boxes - Shallow Depth Shipping, Bundle of 25","https://packrift.com/products/14x6x2-ect-32-kraft-corrugated-boxes-shallow-depth-shipping-bundle-of-25","10","10",""
"151010","shopify_ZZ_15061623374192_53472831471984","boxes","15x10x10 ECT-32 Kraft Corrugated Boxes - Durable Shipping, 25-Pack Bundle","https://packrift.com/products/15x10x10-ect-32-kraft-corrugated-boxes-durable-shipping-25-pack-bundle","10","10",""
"15104","shopify_ZZ_15061623112048_53472831177072","boxes","15x10x4"" ECT-32 Kraft Corrugated Boxes - Shallow Depth, Bundle of 25","https://packrift.com/products/15x10x4-ect-32-kraft-corrugated-boxes-shallow-depth-bundle-of-25","10","10",""
"15116","shopify_ZZ_15061287797104_53451894784368","boxes","15x11x6 ECT-32 Kraft Corrugated Boxes - Bundle of 25","https://packrift.com/products/15x11x6-ect-32-kraft-corrugated-boxes-bundle-of-25","10","10",""
"15117","shopify_ZZ_15061287862640_53451902976368","boxes","15x11x7 ECT-32 Kraft Corrugated Boxes - Reliable Shipping, Bundle of 25","https://packrift.com/products/15x11x7-ect-32-kraft-corrugated-boxes-reliable-shipping-bundle-of-25","10","10",""
"15122CT","shopify_ZZ_15061791211888_53473367458160","boxes","15x12x1.75"" ECT-32 Kraft Corrugated Trays - Bundle of 50","https://packrift.com/products/15x12x1-75-ect-32-kraft-corrugated-trays-bundle-of-50","10","10",""
"151520","shopify_ZZ_15061257847152_53449478898032","boxes","15x15x20 ECT-32 Kraft Corrugated Boxes - Bundle of 25","https://packrift.com/products/15x15x20-ect-32-kraft-corrugated-boxes-bundle-of-25","10","10",""
"15156","shopify_ZZ_15061274853744_53450708418928","boxes","15x15x6 ECT-32 Kraft Corrugated Boxes - Shallow Depth Shipping, Bundle of 25","https://packrift.com/products/15x15x6-ect-32-kraft-corrugated-boxes-shallow-depth-shipping-bundle-of-25","10","10",""
"16123","shopify_ZZ_15061279277424_53450965451120","boxes","16x12x3"" ECT-32 Kraft Corrugated Boxes - Flat Ship Bundle of 25","https://packrift.com/products/16x12x3-ect-32-kraft-corrugated-boxes-flat-ship-bundle-of-25","10","10",""
"16129","shopify_ZZ_15061277704560_53450963386736","boxes","16.25x12.25x9.31"" ECT-32 Kraft Corrugated Boxes - 25 Bundle","https://packrift.com/products/16-25x12-25x9-31-ect-32-kraft-corrugated-boxes-25-bundle","9","10","pack_count_signal"
"161310","shopify_ZZ_15061277409648_53450963091824","boxes","16x13x10 ECT-32 Kraft Corrugated Boxes - Durable Shipping, 25-Box Bundle","https://packrift.com/products/16x13x10-ect-32-kraft-corrugated-boxes-durable-shipping-25-box-bundle","10","10",""
"16144","shopify_ZZ_15061275246960_53450749444464","boxes","16x14x4 ECT-32 Kraft Corrugated Boxes - Shallow Depth Shipping, Bundle of 25","https://packrift.com/products/16x14x4-ect-32-kraft-corrugated-boxes-shallow-depth-shipping-bundle-of-25","10","10",""
"16146","shopify_ZZ_15061275312496_53450749510000","boxes","16x14x6 ECT-32 Kraft Corrugated Boxes - Shallow Depth, Bundle of 25","https://packrift.com/products/16x14x6-ect-32-kraft-corrugated-boxes-shallow-depth-bundle-of-25","10","10",""
"161610","shopify_ZZ_15061266039152_53449899639152","boxes","16x16x10 ECT-32 Kraft Corrugated Boxes - Bundle of 25","https://packrift.com/products/16x16x10-ect-32-kraft-corrugated-boxes-bundle-of-25","10","10",""
"161612","shopify_ZZ_15061266137456_53449907863920","boxes","16x16x12"" ECT-32 Kraft Corrugated Boxes - Bulk Bundle of 25","https://packrift.com/products/16x16x12-ect-32-kraft-corrugated-boxes-bulk-bundle-of-25","10","10",""
"161613","shopify_ZZ_15061266202992_53449916055920","boxes","16x16x13 ECT-32 Kraft Corrugated Boxes - Bundle of 25","https://packrift.com/products/16x16x13-ect-32-kraft-corrugated-boxes-bundle-of-25","10","10",""
"161618","shopify_ZZ_15061259420016_53449626812784","boxes","16x16x18 ECT-32 Kraft Corrugated Boxes - Reliable Shipping, 25-Pack","https://packrift.com/products/16x16x18-ect-32-kraft-corrugated-boxes-reliable-shipping-25-pack","10","10",""
"161620","shopify_ZZ_15061251981680_53448919679344","boxes","16x16x20 ECT-32 Kraft Corrugated Boxes - Industrial Strength, Bundle of 20","https://packrift.com/products/16x16x20-ect-32-kraft-corrugated-boxes-industrial-strength-bundle-of-20","10","10",""
"161626","shopify_ZZ_15061234909552_53447765361008","boxes","16x16x26 ECT-32 Kraft Corrugated Boxes - Heavy-Duty Shipping, Bundle of 10","https://packrift.com/products/16x16x26-ect-32-kraft-corrugated-boxes-heavy-duty-shipping-bundle-of-10","10","10",""
"161636","shopify_ZZ_15061207482736_53446207046000","boxes","16x16x36 ECT-32 Kraft Corrugated Boxes - Bundle of 10","https://packrift.com/products/16x16x36-ect-32-kraft-corrugated-boxes-bundle-of-10","9","10","details_3_plus"
"16166","shopify_ZZ_15061265547632_53449858187632","boxes","16x16x6 ECT-32 Kraft Corrugated Boxes - Bundle of 25","https://packrift.com/products/16x16x6-ect-32-kraft-corrugated-boxes-bundle-of-25","10","10",""
"1684","shopify_ZZ_15061628911984_53472841400688","boxes","16x8x4 ECT-32 Kraft Corrugated Shipping Boxes - 25 Bundle","https://packrift.com/products/16x8x4-ect-32-kraft-corrugated-shipping-boxes-25-bundle","10","10",""
"17115","shopify_ZZ_15061277802864_53450963485040","boxes","17.25x11.25x5 ECT-32 Kraft Corrugated Boxes - Shallow Depth Shipping, Bundle of 25","https://packrift.com/products/17-25x11-25x5-ect-32-kraft-corrugated-boxes-shallow-depth-shipping-bundle-of-25","10","10",""
"17117","shopify_ZZ_15061277868400_53450963616112","boxes","17.25x11.25x7 ECT-32 Kraft Corrugated Boxes - Bulk Shipping (25-Pack)","https://packrift.com/products/17-25x11-25x7-ect-32-kraft-corrugated-boxes-bulk-shipping-25-pack","10","10",""
"171410","shopify_ZZ_15061269119344_53450165649776","boxes","17x14x10 ECT-32 Kraft Corrugated Boxes - Reliable Shipping, 25-Pack","https://packrift.com/products/17x14x10-ect-32-kraft-corrugated-boxes-reliable-shipping-25-pack","10","10",""
"171414","shopify_ZZ_15061269676400_53450223092080","boxes","17x14x14 ECT-32 Kraft Corrugated Boxes - Standard Strength Shipping, 25-Pack","https://packrift.com/products/17x14x14-ect-32-kraft-corrugated-boxes-standard-strength-shipping-25-pack","10","10",""
"17178","shopify_ZZ_15061260927344_53449719251312","boxes","17x17x8 ECT-32 Kraft Corrugated Boxes - Standard Strength Shipping, Bundle of 20","https://packrift.com/products/17x17x8-ect-32-kraft-corrugated-boxes-standard-strength-shipping-bundle-of-20","10","10",""
"18106","shopify_ZZ_15061282619760_53451295097200","boxes","18x10x6 ECT-32 Kraft Corrugated Boxes - Standard Strength Shipping, 25-Pack","https://packrift.com/products/18x10x6-ect-32-kraft-corrugated-boxes-standard-strength-shipping-25-pack","10","10",""
"181210R","shopify_ZZ_15061270135152_53450256056688","boxes","18.5x12.5x10 ECT-32 Kraft Corrugated Boxes - Reliable Strength, Bundle of 20","https://packrift.com/products/18-5x12-5x10-ect-32-kraft-corrugated-boxes-reliable-strength-bundle-of-20","10","10",""
"181214","shopify_ZZ_15061269283184_53450173907312","boxes","18.5x12.5x14 ECT-32 Kraft Corrugated Boxes - Standard Strength Shipping, Bundle of 20","https://packrift.com/products/18-5x12-5x14-ect-32-kraft-corrugated-boxes-standard-strength-shipping-bundle-of-20","10","10",""
"18122","shopify_ZZ_15061272985968_53450519478640","boxes","18x12x2 ECT-32 Kraft Corrugated Boxes - Shallow Depth Shipping, Bundle of 25","https://packrift.com/products/18x12x2-ect-32-kraft-corrugated-boxes-shallow-depth-shipping-bundle-of-25","10","10",""
"18123","shopify_ZZ_15061275771248_53450790666608","boxes","18x12x3 ECT-32 Kraft Corrugated Boxes - Shallow Depth Shipping, Bundle of 25","https://packrift.com/products/18x12x3-ect-32-kraft-corrugated-boxes-shallow-depth-shipping-bundle-of-25","10","10",""
"18124","shopify_ZZ_15061273051504_53450527670640","boxes","18x12x4"" ECT-32 Kraft Corrugated Boxes - Shallow Depth Shipping, Bundle of 25","https://packrift.com/products/18x12x4-ect-32-kraft-corrugated-boxes-shallow-depth-shipping-bundle-of-25","10","10",""
"18126","shopify_ZZ_15061275902320_53450807050608","boxes","18x12x6 ECT-32 Kraft Corrugated Boxes - 25 Bundle","https://packrift.com/products/18x12x6-ect-32-kraft-corrugated-boxes-25-bundle","10","10",""
"18128","shopify_ZZ_15061273280880_53450560438640","boxes","18x12x8 ECT-32 Kraft Corrugated Boxes - 25/Bundle","https://packrift.com/products/18x12x8-ect-32-kraft-corrugated-boxes-25-bundle","9","10","pack_count_signal"
"181312","shopify_ZZ_15061269873008_53450239541616","boxes","18x13x12 ECT-32 Kraft Corrugated Boxes - Bundle of 25","https://packrift.com/products/18x13x12-ect-32-kraft-corrugated-boxes-bundle-of-25","10","10",""
"181616","shopify_ZZ_15061260140912_53449701556592","boxes","18x16x16 ECT-32 Kraft Corrugated Boxes - Bundle of 20","https://packrift.com/products/18x16x16-ect-32-kraft-corrugated-boxes-bundle-of-20","10","10",""
"18164","shopify_ZZ_15061261156720_53449719480688","boxes","18x16x4 ECT-32 Kraft Corrugated Boxes - Shallow Depth, Bundle of 25","https://packrift.com/products/18x16x4-ect-32-kraft-corrugated-boxes-shallow-depth-bundle-of-25","10","10",""
"181818","shopify_ZZ_15061252407664_53448952938864","boxes","18x18x18"" ECT-32 Kraft Corrugated Cube Boxes - Bundle of 20","https://packrift.com/products/18x18x18-ect-32-kraft-corrugated-cube-boxes-bundle-of-20","10","10",""
"181836","shopify_ZZ_15061203583344_53446013878640","boxes","18x18x36 ECT-32 Kraft Tall Corrugated Boxes - Bundle of 10","https://packrift.com/products/18x18x36-ect-32-kraft-tall-corrugated-boxes-bundle-of-10","9","10","details_3_plus"
"18185","shopify_ZZ_15061254209904_53449117303152","boxes","18x18x5 ECT-32 Kraft Corrugated Boxes - Shallow Depth, Bundle of 25","https://packrift.com/products/18x18x5-ect-32-kraft-corrugated-boxes-shallow-depth-bundle-of-25","10","10",""
"18189R","shopify_ZZ_15061250081136_53448736932208","boxes","18.5x18.5x9 ECT-32 Kraft Corrugated Boxes - Reliable Shipping, Bundle of 20","https://packrift.com/products/18-5x18-5x9-ect-32-kraft-corrugated-boxes-reliable-shipping-bundle-of-20","10","10",""
"19123","shopify_ZZ_15061270331760_53450272506224","boxes","19x12x3 ECT-32 Kraft Corrugated Boxes - Shallow Depth Shipping, Bundle of 25","https://packrift.com/products/19x12x3-ect-32-kraft-corrugated-boxes-shallow-depth-shipping-bundle-of-25","10","10",""
"201012","shopify_ZZ_15061276787056_53450897457520","boxes","20x10x12 ECT-32 Kraft Corrugated Boxes - 25 Pack Bundle","https://packrift.com/products/20x10x12-ect-32-kraft-corrugated-boxes-25-pack-bundle","10","10",""
"20104","shopify_ZZ_15061276688752_53450897359216","boxes","20x10x4 ECT-32 Kraft Corrugated Boxes - Shallow Depth, Bundle of 25","https://packrift.com/products/20x10x4-ect-32-kraft-corrugated-boxes-shallow-depth-bundle-of-25","10","10",""
"201414","shopify_ZZ_15061262532976_53449723183472","boxes","20x14x14"" ECT-32 Kraft Corrugated Boxes - Bulk Bundle of 20","https://packrift.com/products/20x14x14-ect-32-kraft-corrugated-boxes-bulk-bundle-of-20","10","10",""
"201418","shopify_ZZ_15061262631280_53449723281776","boxes","20x14x18 ECT-32 Kraft Corrugated Boxes - Standard Strength Shipping, Bundle of 20","https://packrift.com/products/20x14x18-ect-32-kraft-corrugated-boxes-standard-strength-shipping-bundle-of-20","10","10",""
"20143","shopify_ZZ_15061261713776_53449720824176","boxes","20x14x3"" ECT-32 Kraft Corrugated Boxes - Shallow Depth Shipping, Bundle of 25","https://packrift.com/products/20x14x3-ect-32-kraft-corrugated-boxes-shallow-depth-shipping-bundle-of-25","10","10",""
"201616","shopify_ZZ_15061255651696_53449265152368","boxes","20x16x16 ECT-32 Kraft Corrugated Boxes - Heavy-Duty Shipping, 15-Pack","https://packrift.com/products/20x16x16-ect-32-kraft-corrugated-boxes-heavy-duty-shipping-15-pack","10","10",""
"20168","shopify_ZZ_15061252800880_53448993964400","boxes","20x16x8 ECT-32 Kraft Corrugated Boxes - Reliable Shipping Protection, Bundle of 25","https://packrift.com/products/20x16x8-ect-32-kraft-corrugated-boxes-reliable-shipping-protection-bundle-of-25","10","10",""
"201814","shopify_ZZ_15061248213360_53448555495792","boxes","20x18x14"" ECT-32 Kraft Corrugated Boxes - Bundle of 10","https://packrift.com/products/20x18x14-ect-32-kraft-corrugated-boxes-bundle-of-10","10","10",""
"201818","shopify_ZZ_15061248442736_53448580104560","boxes","20x18x18"" ECT-32 Kraft Corrugated Boxes - Bulk Pack of 15","https://packrift.com/products/20x18x18-ect-32-kraft-corrugated-boxes-bulk-pack-of-15","10","10",""
"20186","shopify_ZZ_15061247852912_53448522596720","boxes","20x18x6 ECT-32 Kraft Corrugated Boxes - Shallow Depth Shipping, Bundle of 25","https://packrift.com/products/20x18x6-ect-32-kraft-corrugated-boxes-shallow-depth-shipping-bundle-of-25","10","10",""
"202011","shopify_ZZ_15061244838256_53448477409648","boxes","20x20x11 ECT-32 Kraft Corrugated Boxes - Bundle of 15","https://packrift.com/products/20x20x11-ect-32-kraft-corrugated-boxes-bundle-of-15","10","10",""
"202015","shopify_ZZ_15061245067632_53448477671792","boxes","20x20x15"" ECT-32 Kraft Corrugated Boxes - Bundle of 20","https://packrift.com/products/20x20x15-ect-32-kraft-corrugated-boxes-bundle-of-20","10","10",""
"202025","shopify_ZZ_15061226127728_53447230816624","boxes","20x20x25 ECT-32 Kraft Corrugated Boxes - Standard Strength Shipping, Bundle of 10","https://packrift.com/products/20x20x25-ect-32-kraft-corrugated-boxes-standard-strength-shipping-bundle-of-10","9","10","details_3_plus"
"202045WARD","shopify_ZZ_15061186806128_53445359305072","boxes","20x20x45 ECT-48 Double Wall Wardrobe Boxes - Hanger Storage, Bundle of 5","https://packrift.com/products/20x20x45-ect-48-double-wall-wardrobe-boxes-hanger-storage-bundle-of-5","10","10",""
"221410","shopify_ZZ_15061256012144_53449298051440","boxes","22x14x10 ECT-32 Kraft Corrugated Boxes - Reliable Strength, Bundle of 20","https://packrift.com/products/22x14x10-ect-32-kraft-corrugated-boxes-reliable-strength-bundle-of-20","10","10",""
"221510","shopify_ZZ_15061250408816_53448777892208","boxes","22x15x10 ECT-32 Kraft Corrugated Boxes - Bulk 25-Pack","https://packrift.com/products/22x15x10-ect-32-kraft-corrugated-boxes-bulk-25-pack","10","10",""
"221515","shopify_ZZ_15061250474352_53448786084208","boxes","22x15x15 ECT-32 Kraft Corrugated Boxes - Bundle of 20","https://packrift.com/products/22x15x15-ect-32-kraft-corrugated-boxes-bundle-of-20","10","10",""
"222014","shopify_ZZ_15061236318576_53447904952688","boxes","22x20x14 ECT-32 Kraft Corrugated Boxes - Reliable Shipping, Bundle of 15","https://packrift.com/products/22x20x14-ect-32-kraft-corrugated-boxes-reliable-shipping-bundle-of-15","10","10",""
"222210","shopify_ZZ_15061229633904_53447358611824","boxes","22x22x10 ECT-32 Kraft Corrugated Boxes - Bundle of 15","https://packrift.com/products/22x22x10-ect-32-kraft-corrugated-boxes-bundle-of-15","9","10","details_3_plus"
"222216","shopify_ZZ_15061230092656_53447375585648","boxes","22x22x16 ECT-32 Kraft Corrugated Boxes - Reliable Strength, Bundle of 10","https://packrift.com/products/22x22x16-ect-32-kraft-corrugated-boxes-reliable-strength-bundle-of-10","9","10","details_3_plus"
"222222","shopify_ZZ_15061227798896_53447250018672","boxes","22x22x22"" ECT-32 Kraft Corrugated Cube Boxes - Bundle of 10","https://packrift.com/products/22x22x22-ect-32-kraft-corrugated-cube-boxes-bundle-of-10","9","10","details_3_plus"
"222230","shopify_ZZ_15061207613808_53446215270768","boxes","22x22x30 ECT-32 Kraft Corrugated Boxes - Heavy-Duty Shipping, Bundle of 10","https://packrift.com/products/22x22x30-ect-32-kraft-corrugated-boxes-heavy-duty-shipping-bundle-of-10","9","10","details_3_plus"
"22228","shopify_ZZ_15061227667824_53447241728368","boxes","22x22x8 ECT-32 Kraft Corrugated Boxes - Bundle of 15","https://packrift.com/products/22x22x8-ect-32-kraft-corrugated-boxes-bundle-of-15","9","10","details_3_plus"
"229C","shopify_ZZ_15061774238064_53473324597616","boxes","12x10x9 Insulated Shipping Kit - EPS Foam Corrugated Carton, Case of 1","https://packrift.com/products/12x10x9-insulated-shipping-kit-eps-foam-corrugated-carton-case-of-1","9","10","pack_count_signal"
"241212W","shopify_ZZ_15061256700272_53449371877744","boxes","24x12x12 ECT-32 White Corrugated Boxes - 25 Count Bundle","https://packrift.com/products/24x12x12-ect-32-white-corrugated-boxes-25-count-bundle","10","10",""
"241218","shopify_ZZ_15061256864112_53449388491120","boxes","24x12x18"" ECT-32 Kraft Corrugated Boxes - Single Wall, Bundle of 20","https://packrift.com/products/24x12x18-ect-32-kraft-corrugated-boxes-single-wall-bundle-of-20","10","10",""
"241224","shopify_ZZ_15061251293552_53448852275568","boxes","24x12x24 ECT-32 Kraft Corrugated Boxes - Industrial Strength, Bundle of 10","https://packrift.com/products/24x12x24-ect-32-kraft-corrugated-boxes-industrial-strength-bundle-of-10","10","10",""
"24122CTW","shopify_ZZ_15062426714480_53475952525680","boxes","24x12x1.75"" ECT-32 White Corrugated Trays - 50 Pack Bundle","https://packrift.com/products/24x12x1-75-ect-32-white-corrugated-trays-50-pack-bundle","10","10",""
"24128R","shopify_ZZ_15061253325168_53449035121008","boxes","24x12x8 ECT-32 Kraft Corrugated Boxes - Standard Strength Shipping, 25-Box Bundle","https://packrift.com/products/24x12x8-ect-32-kraft-corrugated-boxes-standard-strength-shipping-25-box-bundle","9","10","pack_count_signal"
"241414","shopify_ZZ_15061249589616_53448679555440","boxes","24x14x14"" ECT-32 Kraft Corrugated Boxes - Durable Shipping, Bundle of 15","https://packrift.com/products/24x14x14-ect-32-kraft-corrugated-boxes-durable-shipping-bundle-of-15","10","10",""
"241418","shopify_ZZ_15061247295856_53448481079664","boxes","24x14x18 ECT-32 Kraft Corrugated Boxes - Bundle of 10","https://packrift.com/products/24x14x18-ect-32-kraft-corrugated-boxes-bundle-of-10","10","10",""
"24146","shopify_ZZ_15061249261936_53448638497136","boxes","24x14x6"" ECT-32 Kraft Corrugated Boxes - Shallow Depth, Bundle of 25","https://packrift.com/products/24x14x6-ect-32-kraft-corrugated-boxes-shallow-depth-bundle-of-25","10","10",""
"24148","shopify_ZZ_15061249360240_53448654848368","boxes","24x14x8 ECT-32 Kraft Corrugated Boxes - Shallow Depth, Bundle of 20","https://packrift.com/products/24x14x8-ect-32-kraft-corrugated-boxes-shallow-depth-bundle-of-20","10","10",""
"241515","shopify_ZZ_15061246411120_53448479834480","boxes","24x15x15 ECT-32 Kraft Corrugated Boxes - Industrial Strength, Bundle of 20","https://packrift.com/products/24x15x15-ect-32-kraft-corrugated-boxes-industrial-strength-bundle-of-20","10","10",""
"241624","shopify_ZZ_15061241430384_53448358723952","boxes","24x16x24 ECT-32 Kraft Corrugated Boxes - Standard Strength Shipping, Bundle of 10","https://packrift.com/products/24x16x24-ect-32-kraft-corrugated-boxes-standard-strength-shipping-bundle-of-10","10","10",""
"241715","shopify_ZZ_15061239333232_53448216904048","boxes","24x17x15"" ECT-32 Kraft Corrugated Boxes - Bundle of 15","https://packrift.com/products/24x17x15-ect-32-kraft-corrugated-boxes-bundle-of-15","10","10",""
"241812","shopify_ZZ_15061236908400_53447970554224","boxes","24x18x12 ECT-32 Kraft Corrugated Boxes - Heavy-Duty Shipping, 10-Pack","https://packrift.com/products/24x18x12-ect-32-kraft-corrugated-boxes-heavy-duty-shipping-10-pack","10","10",""
"24184","shopify_ZZ_15061236515184_53447921369456","boxes","24x18x4 ECT-32 Kraft Corrugated Boxes - Shallow Depth Shipping, Bundle of 20","https://packrift.com/products/24x18x4-ect-32-kraft-corrugated-boxes-shallow-depth-shipping-bundle-of-20","10","10",""
"242410","shopify_ZZ_15061219574128_53447009042800","boxes","24x24x10 ECT-32 Kraft Corrugated Boxes - Heavy-Duty Shipping, Bundle of 10","https://packrift.com/products/24x24x10-ect-32-kraft-corrugated-boxes-heavy-duty-shipping-bundle-of-10","9","10","details_3_plus"
"242412","shopify_ZZ_15061219672432_53447009108336","boxes","24x24x12 ECT-32 Kraft Corrugated Boxes - Bulk Shipping Solution, 10-Pack","https://packrift.com/products/24x24x12-ect-32-kraft-corrugated-boxes-bulk-shipping-solution-10-pack","9","10","details_3_plus"
"242418DPB","shopify_ZZ_15061221081456_53447156826480","boxes","24x24x18 ECT-32 Kraft Deluxe Moving Boxes - Bundle of 10","https://packrift.com/products/24x24x18-ect-32-kraft-deluxe-moving-boxes-bundle-of-10","10","10",""
"260C","shopify_ZZ_15061774664048_53473325449584","boxes","19.5x11.5x4.125 Insulated Shipping Kit - EPS Foam Corrugated Carton","https://packrift.com/products/19-5x11-5x4-125-insulated-shipping-kit-eps-foam-corrugated-carton","9","10","pack_count_signal"
"26104","shopify_ZZ_15061253783920_53449076244848","boxes","26x10x4 ECT-32 Kraft Corrugated Boxes - Shallow Depth Design, Bundle of 25","https://packrift.com/products/26x10x4-ect-32-kraft-corrugated-boxes-shallow-depth-design-bundle-of-25","10","10",""
"26138","shopify_ZZ_15061246640496_53448480358768","boxes","26x13x8 ECT-32 Kraft Corrugated Boxes - Industrial Strength, Bundle of 20","https://packrift.com/products/26x13x8-ect-32-kraft-corrugated-boxes-industrial-strength-bundle-of-20","10","10",""
"261812","shopify_ZZ_15061231960432_53447508722032","boxes","26x18x12 ECT-32 Kraft Corrugated Boxes - Reliable Strength, Bundle of 15","https://packrift.com/products/26x18x12-ect-32-kraft-corrugated-boxes-reliable-strength-bundle-of-15","9","10","details_3_plus"
"261818","shopify_ZZ_15061228847472_53447308640624","boxes","26x18x18 ECT-32 Kraft Corrugated Boxes - Bundle of 15","https://packrift.com/products/26x18x18-ect-32-kraft-corrugated-boxes-bundle-of-15","9","10","details_3_plus"
"26208","shopify_ZZ_15061223801200_53447226524016","boxes","26x20x8 ECT-32 Kraft Corrugated Boxes - Bundle of 15","https://packrift.com/products/26x20x8-ect-32-kraft-corrugated-boxes-bundle-of-15","9","10","details_3_plus"
"262616","shopify_ZZ_15061207875952_53446248071536","boxes","26x26x16 ECT-32 Kraft Corrugated Boxes - Heavy-Duty Shipping, Bundle of 10","https://packrift.com/products/26x26x16-ect-32-kraft-corrugated-boxes-heavy-duty-shipping-bundle-of-10","9","10","details_3_plus"
"26268","shopify_ZZ_15061208727920_53446306890096","boxes","26x26x8 ECT-32 Kraft Corrugated Boxes - Shallow Depth Design, Bundle of 10","https://packrift.com/products/26x26x8-ect-32-kraft-corrugated-boxes-shallow-depth-design-bundle-of-10","9","10","details_3_plus"
"281614","shopify_ZZ_15061232910704_53447567573360","boxes","28x16x14 ECT-32 Kraft Corrugated Boxes - Heavy-Duty Shipping, Bundle of 15","https://packrift.com/products/28x16x14-ect-32-kraft-corrugated-boxes-heavy-duty-shipping-bundle-of-15","10","10",""
"28175","shopify_ZZ_15061226193264_53447230882160","boxes","28x17x5 ECT-32 Kraft Corrugated Boxes - Shallow Depth Design, Bundle of 15","https://packrift.com/products/28x17x5-ect-32-kraft-corrugated-boxes-shallow-depth-design-bundle-of-15","9","10","details_3_plus"
"281812","shopify_ZZ_15061222687088_53447224459632","boxes","28x18x12 ECT-32 Kraft Corrugated Boxes - Bulk Bundle of 15","https://packrift.com/products/28x18x12-ect-32-kraft-corrugated-boxes-bulk-bundle-of-15","9","10","details_3_plus"
"282025","shopify_ZZ_15061220229488_53447066583408","boxes","28x20x25 ECT-32 Kraft Corrugated Boxes - Heavy-Duty Shipping (Bundle of 10)","https://packrift.com/products/28x20x25-ect-32-kraft-corrugated-boxes-heavy-duty-shipping-bundle-of-10","9","10","details_3_plus"
"28524FOL","shopify_ZZ_15061258961264_53449585721712","boxes","28x5x24 Kraft ECT-32 Side Loading Boxes - Bundle of 10","https://packrift.com/products/28x5x24-kraft-ect-32-side-loading-boxes-bundle-of-10","10","10",""
"291712","shopify_ZZ_15061224849776_53447228391792","boxes","29x17x12"" ECT-32 Kraft Corrugated Shipping Boxes - Bundle of 15","https://packrift.com/products/29x17x12-ect-32-kraft-corrugated-shipping-boxes-bundle-of-15","9","10","details_3_plus"
"29177","shopify_ZZ_15061222916464_53447224918384","boxes","29x17x7 ECT-32 Kraft Corrugated Boxes - Garment Shipping, 20-Pack","https://packrift.com/products/29x17x7-ect-32-kraft-corrugated-boxes-garment-shipping-20-pack","9","10","details_3_plus"
"29179","shopify_ZZ_15061224784240_53447228293488","boxes","29x17x9 ECT-32 Kraft Corrugated Boxes - Bundle of 15","https://packrift.com/products/29x17x9-ect-32-kraft-corrugated-boxes-bundle-of-15","9","10","details_3_plus"
"30126","shopify_ZZ_15061235925360_53447872053616","boxes","30x12x6 ECT-32 Kraft Corrugated Boxes - Bundle of 25","https://packrift.com/products/30x12x6-ect-32-kraft-corrugated-boxes-bundle-of-25","10","10",""
"30530FOL","shopify_ZZ_15061246181744_53448479277424","boxes","30x5x30 Side Loading Boxes ECT-32 Kraft Corrugated - Bundle of 10","https://packrift.com/products/30x5x30-side-loading-boxes-ect-32-kraft-corrugated-bundle-of-10","10","10",""
"32188","shopify_ZZ_15061213839728_53446585188720","boxes","32x18x8 ECT-32 Kraft Corrugated Boxes - Bundle of 15","https://packrift.com/products/32x18x8-ect-32-kraft-corrugated-boxes-bundle-of-15","9","10","details_3_plus"
"36146","shopify_ZZ_15061214036336_53446609764720","boxes","36x14x6 ECT-32 Kraft Corrugated Boxes - Bulk Shipping Solution, Bundle of 20","https://packrift.com/products/36x14x6-ect-32-kraft-corrugated-boxes-bulk-shipping-solution-bundle-of-20","9","10","details_3_plus"
"36244","shopify_ZZ_15061191033200_53445642912112","boxes","36x24x4 ECT-32 Kraft Corrugated Boxes - Shallow Depth Shipping, Bundle of 10","https://packrift.com/products/36x24x4-ect-32-kraft-corrugated-boxes-shallow-depth-shipping-bundle-of-10","9","10","details_3_plus"
"363012","shopify_ZZ_15061186609520_53445350818160","boxes","36x30x12 ECT-32 Kraft Corrugated Boxes - Heavy-Duty Shipping, Bundle of 15","https://packrift.com/products/36x30x12-ect-32-kraft-corrugated-boxes-heavy-duty-shipping-bundle-of-15","9","10","details_3_plus"
"38826FPFOL","shopify_ZZ_15061221867888_53447222952304","boxes","38x8x26"" ECT-48 Double Wall Flat Panel TV Box - Bundle of 5","https://packrift.com/products/38x8x26-ect-48-double-wall-flat-panel-tv-box-bundle-of-5","10","10",""
"402020","shopify_ZZ_15061193556336_53445785518448","boxes","40x20x20 ECT-32 Kraft Corrugated Boxes - Bulk Shipping, 10-Pack","https://packrift.com/products/40x20x20-ect-32-kraft-corrugated-boxes-bulk-shipping-10-pack","9","10","details_3_plus"
"42116","shopify_ZZ_15061205975408_53446132433264","boxes","42x11x6 ECT-32 Kraft Corrugated Boxes - Flat Ship Bundle of 20","https://packrift.com/products/42x11x6-ect-32-kraft-corrugated-boxes-flat-ship-bundle-of-20","10","10",""
"4416","shopify_ZZ_15061639856496_53472865943920","boxes","4x4x16 ECT-32 Kraft Corrugated Boxes - 25 Pack Bundle","https://packrift.com/products/4x4x16-ect-32-kraft-corrugated-boxes-25-pack-bundle","10","10",""
"4428","shopify_ZZ_15061263679856_53449724559728","boxes","4x4x28 ECT-32 Kraft Corrugated Tall Boxes - 25-Pack Bundle","https://packrift.com/products/4x4x28-ect-32-kraft-corrugated-tall-boxes-25-pack-bundle","10","10",""
"4432","shopify_ZZ_15061251621232_53448878686576","boxes","4x4x32 ECT-32 Kraft Corrugated Boxes - 25 Bundle | Tall Shipping Cartons","https://packrift.com/products/4x4x32-ect-32-kraft-corrugated-boxes-25-bundle-tall-shipping-cartons","10","10",""
"544","shopify_ZZ_15061655847280_53472907264368","boxes","5x4x4 ECT-32 Kraft Corrugated Boxes - Standard Strength Shipping, Bundle of 25","https://packrift.com/products/5x4x4-ect-32-kraft-corrugated-boxes-standard-strength-shipping-bundle-of-25","10","10",""
"5512","shopify_ZZ_15061647360368_53472876560752","boxes","5x5x12 ECT-32 Kraft Corrugated Boxes - Strong Tall Shipping Cartons, 25-Pack","https://packrift.com/products/5x5x12-ect-32-kraft-corrugated-boxes-strong-tall-shipping-cartons-25-pack","10","10",""
"6066","shopify_ZZ_15061186249072_53445325816176","boxes","60x6x6 ECT-32 Kraft Corrugated Boxes - Space-Saving Bundle of 15","https://packrift.com/products/60x6x6-ect-32-kraft-corrugated-boxes-space-saving-bundle-of-15","9","10","details_3_plus"
"654","shopify_ZZ_15061655159152_53472905593200","boxes","6x5x4 ECT-32 Kraft Corrugated Boxes - Standard Strength Shipping, 25-Pack","https://packrift.com/products/6x5x4-ect-32-kraft-corrugated-boxes-standard-strength-shipping-25-pack","10","10",""
"6618","shopify_ZZ_15061624291696_53472832422256","boxes","6x6x18 ECT-32 Kraft Corrugated Boxes - 25 Bundle","https://packrift.com/products/6x6x18-ect-32-kraft-corrugated-boxes-25-bundle","9","10","pack_count_signal"
"6632","shopify_ZZ_15061246706032_53448480457072","boxes","6x6x32 Tall Corrugated Boxes - ECT-32 Kraft Single Wall, Bundle of 25","https://packrift.com/products/6x6x32-tall-corrugated-boxes-ect-32-kraft-single-wall-bundle-of-25","10","10",""
"664","shopify_ZZ_15061654569328_53472897859952","boxes","6x6x4 ECT-32 Kraft Corrugated Boxes - 25 Pack Bulk Shipping","https://packrift.com/products/6x6x4-ect-32-kraft-corrugated-boxes-25-pack-bulk-shipping","10","10",""
"774","shopify_ZZ_15061651751280_53472881901936","boxes","7x7x4"" ECT-32 Kraft Corrugated Shipping Boxes - 25 Pack","https://packrift.com/products/7x7x4-ect-32-kraft-corrugated-shipping-boxes-25-pack","10","10",""
"779","shopify_ZZ_15061648769392_53472878035312","boxes","7x7x9 ECT-32 Kraft Corrugated Boxes - Flat Ship Bundle of 25","https://packrift.com/products/7x7x9-ect-32-kraft-corrugated-boxes-flat-ship-bundle-of-25","10","10",""
"8412","shopify_ZZ_15061648376176_53472877642096","boxes","8x4x12"" ECT-32 Kraft Corrugated Boxes - 25-Pack Bundle","https://packrift.com/products/8x4x12-ect-32-kraft-corrugated-boxes-25-pack-bundle","10","10",""
"8446FOL","shopify_ZZ_15061203288432_53446013387120","boxes","8x4x46"" Full Overlap Side Loading Box ECT-32 Kraft - Bundle of 15","https://packrift.com/products/8x4x46-full-overlap-side-loading-box-ect-32-kraft-bundle-of-15","10","10",""
"8452FOL","shopify_ZZ_15061189820784_53445592744304","boxes","8x4x52"" ECT-32 Side Loading Box - Full Overlap FOL Kraft, 15-Pack","https://packrift.com/products/8x4x52-ect-32-side-loading-box-full-overlap-fol-kraft-15-pack","9","10","details_3_plus"
"864W","shopify_ZZ_15061652046192_53472885178736","boxes","8x6x4 White Corrugated Boxes ECT-32 Single Wall - 25 Pack Bundle","https://packrift.com/products/8x6x4-white-corrugated-boxes-ect-32-single-wall-25-pack-bundle","10","10",""
"884","shopify_ZZ_15061649719664_53472879378800","boxes","8x8x4 ECT-32 Kraft Corrugated Boxes - Bundle of 25","https://packrift.com/products/8x8x4-ect-32-kraft-corrugated-boxes-bundle-of-25","10","10",""
"885","shopify_ZZ_15061649817968_53472879477104","boxes","8x8x5 ECT-32 Kraft Corrugated Boxes - Standard Strength Shipping, Bundle 25","https://packrift.com/products/8x8x5-ect-32-kraft-corrugated-boxes-standard-strength-shipping-bundle-25","9","10","pack_count_signal"
"888W5C","shopify_ZZ_15061649228144_53472878559600","boxes","8x8x8"" W5c 250# Weather-Resistant Corrugated Boxes - Bundle of 25","https://packrift.com/products/8x8x8-w5c-250-weather-resistant-corrugated-boxes-bundle-of-25","10","10",""
"889","shopify_ZZ_15061647524208_53472876757360","boxes","8x8x9 ECT-32 Kraft Corrugated Boxes - Reliable Strength, Bundle of 25","https://packrift.com/products/8x8x9-ect-32-kraft-corrugated-boxes-reliable-strength-bundle-of-25","10","10",""
"976","shopify_ZZ_15061650080112_53472879739248","boxes","9x7x6"" ECT-32 Kraft Corrugated Boxes - Standard Strength Shipping, 25-Pack","https://packrift.com/products/9x7x6-ect-32-kraft-corrugated-boxes-standard-strength-shipping-25-pack","10","10",""
"999","shopify_ZZ_15061645295984_53472873283952","boxes","9x9x9 ECT-32 Kraft Corrugated Cube Boxes - 25 Pack Bundle","https://packrift.com/products/9x9x9-ect-32-kraft-corrugated-cube-boxes-25-pack-bundle","10","10",""
"AB205","shopify_ZZ_15062136029552_53474500575600","poly_bags","3x5"" 2 Mil Clear Poly Bags on Roll - Auto Fill Compatible, 3000/Roll","https://packrift.com/products/3x5-2-mil-clear-poly-bags-on-roll-auto-fill-compatible-3000-roll","10","10",""
"AB211","shopify_ZZ_15062136160624_53474500903280","poly_bags","4x8"" 2 Mil Pre-Opened Poly Bags on Roll - 1750 Count","https://packrift.com/products/4x8-2-mil-pre-opened-poly-bags-on-roll-1750-count","10","10",""
"AB213","shopify_ZZ_15062136324464_53474501263728","poly_bags","5x8"" 2 Mil Pre-Opened Poly Bags on Roll - 1750 ct Auto-Fill","https://packrift.com/products/5x8-2-mil-pre-opened-poly-bags-on-roll-1750-ct-auto-fill","10","10",""
"AB219","shopify_ZZ_15062136684912_53474502017392","poly_bags","8x12"" 2 Mil Pre-Opened Poly Bags on Roll - Auto-Fill Ready, 1250/Roll","https://packrift.com/products/8x12-2-mil-pre-opened-poly-bags-on-roll-auto-fill-ready-1250-roll","10","10",""
"AB221","shopify_ZZ_15062136750448_53474502181232","poly_bags","10x12"" 2 Mil Pre-Opened Poly Bags on Roll - 1250/Roll","https://packrift.com/products/10x12-2-mil-pre-opened-poly-bags-on-roll-1250-roll","10","10",""
"AB312","shopify_ZZ_15062137078128_53474502836592","poly_bags","5x7"" 4 Mil Pre-Opened Poly Bags on Roll - 1000ct Auto-Fill","https://packrift.com/products/5x7-4-mil-pre-opened-poly-bags-on-roll-1000ct-auto-fill","10","10",""
"AB313","shopify_ZZ_15062137176432_53474502967664","poly_bags","5x8"" 4 Mil Clear Poly Bags on Roll - Auto-Fill Compatible, 1000/Roll","https://packrift.com/products/5x8-4-mil-clear-poly-bags-on-roll-auto-fill-compatible-1000-roll","10","10",""
"AB314","shopify_ZZ_15062137209200_53474503000432","poly_bags","10"" x 5"" 4 Mil Clear Poly Bags on Roll - 1000 Pack","https://packrift.com/products/10-x-5-4-mil-clear-poly-bags-on-roll-1000-pack","10","10",""
"AB315","shopify_ZZ_15062137274736_53474503065968","poly_bags","6x8"" 4 Mil Pre-Opened Poly Bags on Roll - 750 Count","https://packrift.com/products/6x8-4-mil-pre-opened-poly-bags-on-roll-750-count","10","10",""
"AB319","shopify_ZZ_15062137340272_53474503131504","poly_bags","12 x 8"" 4 Mil Pre-Opened Poly Bags on Roll - Auto-Fill Equipment Compatible, 750/Roll","https://packrift.com/products/12-x-8-4-mil-pre-opened-poly-bags-on-roll-auto-fill-equipment-compatible-750-roll","10","10",""
"AB322","shopify_ZZ_15062137471344_53474503262576","poly_bags","10x15"" 4 Mil Pre-Opened Poly Bags on Roll - 500 Pack","https://packrift.com/products/10x15-4-mil-pre-opened-poly-bags-on-roll-500-pack","10","10",""
"AB324","shopify_ZZ_15062135767408_53474500018544","poly_bags","4x6"" 1 Mil Pre-Opened Poly Bags on Roll - 2500 Count","https://packrift.com/products/4x6-1-mil-pre-opened-poly-bags-on-roll-2500-count","10","10",""
"AB329","shopify_ZZ_15062136226160_53474501067120","poly_bags","5x5"" 2 Mil Clear Poly Bags on Roll - Auto-Fill Compatible, 2250/Roll","https://packrift.com/products/5x5-2-mil-clear-poly-bags-on-roll-auto-fill-compatible-2250-roll","10","10",""
"AF584145","shopify_ZZ_15061196276080_53445928386928","boxes","58x41x45"" ECT-51 Double Wall Corrugated Box - Heavy-Duty Shipping Carton","https://packrift.com/products/58x41x45-ect-51-double-wall-corrugated-box-heavy-duty-shipping-carton","9","10","pack_count_signal"
"B803SS25PK","shopify_ZZ_15061984379248_53474253111664","mailers","6x10 Kraft Self-Seal Padded Mailers #0 - Puncture Resistant, 25 Pack","https://packrift.com/products/6x10-kraft-self-seal-padded-mailers-0-puncture-resistant-25-pack","10","10",""
"B804SS","shopify_ZZ_15061983986032_53474252620144","mailers","7.25x12"" Kraft Self-Seal Padded Mailers #1 - Puncture Resistant, Case of 100","https://packrift.com/products/7-25x12-kraft-self-seal-padded-mailers-1-puncture-resistant-case-of-100","10","10",""
"B805SS","shopify_ZZ_15061984084336_53474252718448","mailers","12 x 8.5"" Kraft Self-Seal Padded Mailers #2 - Puncture Resistant, Case/100","https://packrift.com/products/12-x-8-5-kraft-self-seal-padded-mailers-2-puncture-resistant-case-100","10","10",""
"B805WSS25PK","shopify_ZZ_15062444900720_53476007018864","mailers","8.5x12 Fiber Padded Self-Seal Mailers - White, 25 Pack","https://packrift.com/products/8-5x12-fiber-padded-self-seal-mailers-white-25-pack","10","10",""
"B806SS","shopify_ZZ_15061984117104_53474252751216","mailers","14.5 x 8.5 Kraft Self-Seal Padded Mailers #3 - Puncture Resistant, Case of 100","https://packrift.com/products/14-5-x-8-5-kraft-self-seal-padded-mailers-3-puncture-resistant-case-of-100","10","10",""
"B806SS25PK","shopify_ZZ_15061984543088_53474253275504","mailers","8.5x14.5"" Kraft Self-Seal Padded Mailers #3 - Puncture Resistant, 25 Pack","https://packrift.com/products/8-5x14-5-kraft-self-seal-padded-mailers-3-puncture-resistant-25-pack","10","10",""
"B806WSS25PK","shopify_ZZ_15062444966256_53476007248240","mailers","8.5x14.5 #3 White Self-Seal Padded Mailers - Puncture Resistant, 25 Pack","https://packrift.com/products/8-5x14-5-3-white-self-seal-padded-mailers-puncture-resistant-25-pack","10","10",""
"B807SS25PK","shopify_ZZ_15061984608624_53474253341040","mailers","9.5x14.5"" Kraft Self-Seal Padded Mailers #4, 25-Pack","https://packrift.com/products/9-5x14-5-kraft-self-seal-padded-mailers-4-25-pack","10","10",""
"B807WSS","shopify_ZZ_15062444474736_53476005642608","mailers","9.5x14.5 White #4 Self-Seal Padded Mailers - Puncture Resistant, Case of 100","https://packrift.com/products/9-5x14-5-white-4-self-seal-padded-mailers-puncture-resistant-case-of-100","10","10",""
"B810","shopify_ZZ_15061973631344_53474225291632","mailers","19x12.5"" Kraft Padded Mailers #6 - Puncture Resistant, Case of 50","https://packrift.com/products/19x12-5-kraft-padded-mailers-6-puncture-resistant-case-of-50","9","10","details_3_plus"
"B810WSS","shopify_ZZ_15062444573040_53476006035824","mailers","12.5 x 19"" White Fiber Padded Self-Seal Mailers #6 - Case of 50","https://packrift.com/products/12-5-x-19-white-fiber-padded-self-seal-mailers-6-case-of-50","10","10",""
"B810WSS25PK","shopify_ZZ_15062445228400_53476008591728","mailers","19x12.5 Fiber Padded White Self-Seal Mailers - Puncture Resistant, 25 Pack","https://packrift.com/products/19x12-5-fiber-padded-white-self-seal-mailers-puncture-resistant-25-pack","10","10",""
"B811","shopify_ZZ_15061973696880_53474225521008","mailers","14.25x20"" Kraft Padded Mailers #7 - Puncture Resistant, Case of 50","https://packrift.com/products/14-25x20-kraft-padded-mailers-7-puncture-resistant-case-of-50","9","10","details_3_plus"
"B811SS","shopify_ZZ_15061984346480_53474253078896","mailers","20x14.25 Kraft Self-Seal Padded Mailers #7 - Puncture Resistant, Case of 50","https://packrift.com/products/20x14-25-kraft-self-seal-padded-mailers-7-puncture-resistant-case-of-50","10","10",""
"B811WSS","shopify_ZZ_15062444671344_53476006396272","mailers","14.25 x 20"" White #7 Self-Seal Padded Mailers - Puncture Resistant, Case of 50","https://packrift.com/products/14-25-x-20-white-7-self-seal-padded-mailers-puncture-resistant-case-of-50","10","10",""
"B811WSS25PK","shopify_ZZ_15062445293936_53476008821104","mailers","14 1/4 x 20"" White Self-Seal Padded Mailers - Puncture Resistant, 25 Pack","https://packrift.com/products/14-1-4-x-20-white-self-seal-padded-mailers-puncture-resistant-25-pack","10","10",""
"B827","shopify_ZZ_15061124612464_53441934164336","mailers","7.25"" x 8"" Bubble Lined Poly Mailers - Self-Seal White, Case of 200","https://packrift.com/products/7-25-x-8-bubble-lined-poly-mailers-self-seal-white-case-of-200","10","10",""
"B82725PK","shopify_ZZ_15061125529968_53442032894320","mailers","7.25"" x 8"" Bubble Lined Poly Mailers, White, 25-Pack Self-Seal","https://packrift.com/products/7-25-x-8-bubble-lined-poly-mailers-white-25-pack-self-seal","10","10",""
"B828","shopify_ZZ_15061124350320_53441901396336","mailers","8x4 Bubble Lined Poly Mailers - Self-Seal White, Case of 500","https://packrift.com/products/8x4-bubble-lined-poly-mailers-self-seal-white-case-of-500","10","10",""
"B829","shopify_ZZ_15061124415856_53441909588336","mailers","10x5 Bubble Lined Poly Mailers 2 Mil White - 250 Case Pack","https://packrift.com/products/10x5-bubble-lined-poly-mailers-2-mil-white-250-case-pack","10","10",""
"B82925PK","shopify_ZZ_15061125333360_53442016444784","mailers","10 x 5"" Bubble Lined Poly Mailers, 3/16"" Cushioning - 25 Pack","https://packrift.com/products/10-x-5-bubble-lined-poly-mailers-3-16-cushioning-25-pack","10","10",""
"B831","shopify_ZZ_15061124481392_53441917813104","mailers","6.5x10 Bubble Lined Poly Mailers 3/16"" Cushioning - Case of 250","https://packrift.com/products/6-5x10-bubble-lined-poly-mailers-3-16-cushioning-case-of-250","10","10",""
"B83125PK","shopify_ZZ_15061125464432_53442016543088","mailers","6.5"" x 10"" Bubble Lined Poly Mailers - Shock Protection, 25 Pack","https://packrift.com/products/6-5-x-10-bubble-lined-poly-mailers-shock-protection-25-pack","10","10",""
"B832","shopify_ZZ_15061124710768_53441942389104","mailers","12 x 7.25"" Bubble Lined Poly Mailers - Self-Seal Protection, Case of 100","https://packrift.com/products/12-x-7-25-bubble-lined-poly-mailers-self-seal-protection-case-of-100","10","10",""
"B83225PK","shopify_ZZ_15061125628272_53442049245552","mailers","12x7.25"" Bubble Lined Poly Mailers, 2 Mil Polyethylene - 25 Pack","https://packrift.com/products/12x7-25-bubble-lined-poly-mailers-2-mil-polyethylene-25-pack","10","10",""
"B833","shopify_ZZ_15061124776304_53441950581104","mailers","8.5x12"" Bubble Lined Poly Mailers - Tear Proof Self Seal, Case of 100","https://packrift.com/products/8-5x12-bubble-lined-poly-mailers-tear-proof-self-seal-case-of-100","10","10",""
"B83325PK","shopify_ZZ_15061125693808_53442057437552","mailers","12x8.5"" Bubble Lined Poly Mailers 3/16"" Cushioning - 25 Pack","https://packrift.com/products/12x8-5-bubble-lined-poly-mailers-3-16-cushioning-25-pack","10","10",""
"B834","shopify_ZZ_15061124972912_53441967063408","mailers","9.5x14.5 Bubble Lined Poly Mailers - Self-Seal Shipping Protection, Case 100","https://packrift.com/products/9-5x14-5-bubble-lined-poly-mailers-self-seal-shipping-protection-case-100","10","10",""
"B83425PK","shopify_ZZ_15061125923184_53442082046320","mailers","9.5x14.5"" Bubble Lined Poly Mailers, 2-Mil White - 25 Pack","https://packrift.com/products/9-5x14-5-bubble-lined-poly-mailers-2-mil-white-25-pack","10","10",""
"B836","shopify_ZZ_15061125071216_53441975288176","mailers","10.5x16 Bubble Lined Poly Mailers - Tear-Proof Self-Seal, Case of 100","https://packrift.com/products/10-5x16-bubble-lined-poly-mailers-tear-proof-self-seal-case-of-100","10","10",""
"B83625PK","shopify_ZZ_15061126054256_53442098430320","mailers","16x10.5"" Bubble Lined Poly Mailers 3/16"" Cushioning - 25 Pack","https://packrift.com/products/16x10-5-bubble-lined-poly-mailers-3-16-cushioning-25-pack","10","10",""
"B837","shopify_ZZ_15061125235056_53442000093552","mailers","14.25x20"" Bubble Lined Poly Mailers - Self-Seal White, Case of 50","https://packrift.com/products/14-25x20-bubble-lined-poly-mailers-self-seal-white-case-of-50","10","10",""
"B83725PK","shopify_ZZ_15061126250864_53442123006320","mailers","20x14.25"" Bubble Lined Poly Mailers White 2-Mil 3/16"" Bubble - 25 Pack","https://packrift.com/products/20x14-25-bubble-lined-poly-mailers-white-2-mil-3-16-bubble-25-pack","10","10",""
"B838","shopify_ZZ_15061124841840_53441950679408","mailers","8.5x14.5"" Bubble Lined Poly Mailers - Self-Seal White Envelopes, Case of 100","https://packrift.com/products/8-5x14-5-bubble-lined-poly-mailers-self-seal-white-envelopes-case-of-100","10","10",""
"B83825PK","shopify_ZZ_15061125857648_53442073854320","mailers","8.5x14.5"" Bubble Lined Poly Mailers 3/16"" Cushioning - 25 Pack","https://packrift.com/products/8-5x14-5-bubble-lined-poly-mailers-3-16-cushioning-25-pack","10","10",""
"B839","shopify_ZZ_15061125169520_53441991639408","mailers","19"" x 12.5"" Bubble Lined Poly Mailers - Tear-Proof Self-Seal, Case of 50","https://packrift.com/products/19-x-12-5-bubble-lined-poly-mailers-tear-proof-self-seal-case-of-50","10","10",""
"B83925PK","shopify_ZZ_15061126185328_53442114814320","mailers","19x12.5"" Bubble Lined Poly Mailers - Shock Protection, 25 Pack","https://packrift.com/products/19x12-5-bubble-lined-poly-mailers-shock-protection-25-pack","10","10",""
"B851SS25PK","shopify_ZZ_15061980709232_53474245837168","labels","8x4 Kraft Self-Seal Bubble Mailers #000 - Lightweight Protection, 25 Pack","https://packrift.com/products/8x4-kraft-self-seal-bubble-mailers-000-lightweight-protection-25-pack","10","10",""
"B851SSR","shopify_ZZ_15061981757808_53474247737712","labels","8x4 Kraft Self-Seal Bubble Mailers #000 - Lightweight Protection, Case of 250","https://packrift.com/products/8x4-kraft-self-seal-bubble-mailers-000-lightweight-protection-case-of-250","10","10",""
"B851SSTT","shopify_ZZ_15061982183792_53474248360304","labels","8x4"" Kraft Self-Seal Bubble Mailers #000 w/Tear Strip - 500/Case","https://packrift.com/products/8x4-kraft-self-seal-bubble-mailers-000-w-tear-strip-500-case","10","10",""
"B852SS","shopify_ZZ_15061979890032_53474243936624","labels","10x5 Kraft Self-Seal Bubble Mailers #00 - Lightweight Protection, 250/Case","https://packrift.com/products/10x5-kraft-self-seal-bubble-mailers-00-lightweight-protection-250-case","9","10","details_3_plus"
"B852SSR","shopify_ZZ_15061981790576_53474247770480","labels","10x5 Kraft Self-Seal Bubble Mailers #00 - Lightweight Protection, 180/Case","https://packrift.com/products/10x5-kraft-self-seal-bubble-mailers-00-lightweight-protection-180-case","10","10",""
"B852SSTT","shopify_ZZ_15061982249328_53474248425840","labels","10x5 Kraft Self-Seal Bubble Mailers w/ Tear Strip - 250/Case","https://packrift.com/products/10x5-kraft-self-seal-bubble-mailers-w-tear-strip-250-case","10","10",""
"B852WSS","shopify_ZZ_15062442508656_53475999449456","labels","10x5"" White #00 Self-Seal Bubble Mailers - Lightweight Protection, Case of 250","https://packrift.com/products/10x5-white-00-self-seal-bubble-mailers-lightweight-protection-case-of-250","10","10",""
"B85325PK","shopify_ZZ_15061970125168_53474219098480","mailers","6x10 Kraft Heat-Seal Bubble Mailers #0 - Lightweight Cushioned Protection, 25 Pack","https://packrift.com/products/6x10-kraft-heat-seal-bubble-mailers-0-lightweight-cushioned-protection-25-pack","9","10","details_3_plus"
"B853SS","shopify_ZZ_15061980021104_53474244198768","labels","10x6 Kraft #0 Self-Seal Bubble Mailers - Tamper-Evident Protection, 250/Case","https://packrift.com/products/10x6-kraft-0-self-seal-bubble-mailers-tamper-evident-protection-250-case","9","10","details_3_plus"
"B853SS25PK","shopify_ZZ_15061980807536_53474245935472","labels","6x10 Kraft Self-Seal Bubble Mailers #0 Lightweight Protection 25 Pack","https://packrift.com/products/6x10-kraft-self-seal-bubble-mailers-0-lightweight-protection-25-pack","10","10",""
"B853SSRTT","shopify_ZZ_15061983494512_53474252128624","labels","10x6"" Kraft Self-Seal Bubble Mailers #0 w/Tear Strip - Case of 150","https://packrift.com/products/10x6-kraft-self-seal-bubble-mailers-0-w-tear-strip-case-of-150","10","10",""
"B853SSTT","shopify_ZZ_15061982282096_53474248458608","labels","6x10 Kraft Bubble Mailers #0 Self-Seal Tear Strip - 250/Case","https://packrift.com/products/6x10-kraft-bubble-mailers-0-self-seal-tear-strip-250-case","10","10",""
"B853WSS","shopify_ZZ_15062442541424_53475999482224","labels","10x6 White #0 Self-Seal Bubble Mailers - Lightweight Protection, Case of 250","https://packrift.com/products/10x6-white-0-self-seal-bubble-mailers-lightweight-protection-case-of-250","10","10",""
"B853WSS25PK","shopify_ZZ_15062443032944_53476000924016","labels","6x10"" White Self-Seal Bubble Mailers #0 - Lightweight Protection, 25 Pack","https://packrift.com/products/6x10-white-self-seal-bubble-mailers-0-lightweight-protection-25-pack","10","10",""
"B854","shopify_ZZ_15061969895792_53474218869104","mailers","12 x 7.25"" Kraft Heat-Seal Bubble Mailers #1 - Lightweight Protection, Case of 100","https://packrift.com/products/12-x-7-25-kraft-heat-seal-bubble-mailers-1-lightweight-protection-case-of-100","9","10","details_3_plus"
"B854SS","shopify_ZZ_15061980119408_53474244362608","labels","12x7.25 Kraft Self-Seal Bubble Mailers #1 - Lightweight Protection, Case/100","https://packrift.com/products/12x7-25-kraft-self-seal-bubble-mailers-1-lightweight-protection-case-100","9","10","details_3_plus"
"B854SS25PK","shopify_ZZ_15061981266288_53474246984048","labels","12 x 7.25"" Kraft Bubble Mailers - Self-Seal Protection, 25 Pack","https://packrift.com/products/12-x-7-25-kraft-bubble-mailers-self-seal-protection-25-pack","10","10",""
"B854SSTT25PK","shopify_ZZ_15061982904688_53474251506032","labels","7.25x12"" Kraft Bubble Mailers #1 Self-Seal Tear Strip - 25 Pack","https://packrift.com/products/7-25x12-kraft-bubble-mailers-1-self-seal-tear-strip-25-pack","10","10",""
"B854WSS25PK","shopify_ZZ_15062443131248_53476001153392","labels","7.25x12 White Bubble Mailers #1 Self-Seal - 25 Pack","https://packrift.com/products/7-25x12-white-bubble-mailers-1-self-seal-25-pack","10","10",""
"B855SS","shopify_ZZ_15061980184944_53474244624752","labels","12x8.5"" Kraft Self-Seal Bubble Mailers #2 - Lightweight Protection, Case of 100","https://packrift.com/products/12x8-5-kraft-self-seal-bubble-mailers-2-lightweight-protection-case-of-100","9","10","details_3_plus"
"B855SSTT25PK","shopify_ZZ_15061982970224_53474251571568","labels","12x8.5 Kraft Self-Seal Bubble Mailers #2 - Tear Strip, 25 Pack","https://packrift.com/products/12x8-5-kraft-self-seal-bubble-mailers-2-tear-strip-25-pack","10","10",""
"B855WSS","shopify_ZZ_15062442606960_53475999547760","labels","8.5x12 White Bubble Mailers #2 Self-Seal - 100 Case","https://packrift.com/products/8-5x12-white-bubble-mailers-2-self-seal-100-case","10","10",""
"B856","shopify_ZZ_15061969961328_53474218934640","mailers","8.5x14.5"" Kraft Heat-Seal Bubble Mailers #3 - Lightweight Protection, Case/100","https://packrift.com/products/8-5x14-5-kraft-heat-seal-bubble-mailers-3-lightweight-protection-case-100","9","10","details_3_plus"
"B856SS","shopify_ZZ_15061980283248_53474244723056","labels","8.5 x 14.5 Kraft Self-Seal Bubble Mailers #3 - Lightweight Protection, Case of 100","https://packrift.com/products/8-5-x-14-5-kraft-self-seal-bubble-mailers-3-lightweight-protection-case-of-100","9","10","details_3_plus"
"B856SSR","shopify_ZZ_15061981888880_53474247868784","labels","8.5x14.5"" Kraft Bubble Mailers #3 Self-Seal - 70 Pack","https://packrift.com/products/8-5x14-5-kraft-bubble-mailers-3-self-seal-70-pack","10","10",""
"B856SSRTT","shopify_ZZ_15061983560048_53474252194160","labels","8.5x14.5"" Kraft Bubble Mailers #3 Self-Seal Tear Strip - 70 Pack","https://packrift.com/products/8-5x14-5-kraft-bubble-mailers-3-self-seal-tear-strip-70-pack","10","10",""
"B856WSS","shopify_ZZ_15062442639728_53475999580528","labels","8.5x14.5"" White Self-Seal Bubble Mailers #3 - Tamper-Evident Shipping, 100/Case","https://packrift.com/products/8-5x14-5-white-self-seal-bubble-mailers-3-tamper-evident-shipping-100-case","10","10",""
"B856WSS25PK","shopify_ZZ_15062443229552_53476001481072","labels","8.5x14.5 White Bubble Mailers #3 Self-Seal - Lightweight Protection, 25 Pack","https://packrift.com/products/8-5x14-5-white-bubble-mailers-3-self-seal-lightweight-protection-25-pack","10","10",""
"B857SS","shopify_ZZ_15061980348784_53474244886896","labels","9.5x14.5"" Kraft Self-Seal Bubble Mailers #4 - Lightweight Shipping Protection, Case of 100","https://packrift.com/products/9-5x14-5-kraft-self-seal-bubble-mailers-4-lightweight-shipping-protection-case-of-100","9","10","details_3_plus"
"B857SS25PK","shopify_ZZ_15061981593968_53474247573872","labels","9.5 x 14.5 Kraft Bubble Mailers #4 Self-Seal - 25 Pack","https://packrift.com/products/9-5-x-14-5-kraft-bubble-mailers-4-self-seal-25-pack","10","10",""
"B857SSR","shopify_ZZ_15061981954416_53474247934320","labels","#4 Kraft Self-Seal Bubble Mailers 9.5x14.5"" - Lightweight Protection, 70/Case","https://packrift.com/products/4-kraft-self-seal-bubble-mailers-9-5x14-5-lightweight-protection-70-case","10","10",""
"B857SSTT","shopify_ZZ_15061982511472_53474248687984","labels","9.5x14.5"" Kraft Bubble Mailers #4 Self-Seal Tear Strip - 100/Case","https://packrift.com/products/9-5x14-5-kraft-bubble-mailers-4-self-seal-tear-strip-100-case","10","10",""
"B857SSTT25PK","shopify_ZZ_15061983068528_53474251669872","labels","9.5x14.5"" Kraft Self-Seal Bubble Mailers - Tear Strip, 25 Pack","https://packrift.com/products/9-5x14-5-kraft-self-seal-bubble-mailers-tear-strip-25-pack","10","10",""
"B858SS","shopify_ZZ_15061980447088_53474245345648","labels","10.5x16"" Kraft Self-Seal Bubble Mailers #5 - Tamper Evident, 100/Case","https://packrift.com/products/10-5x16-kraft-self-seal-bubble-mailers-5-tamper-evident-100-case","9","10","details_3_plus"
"B858SS25PK","shopify_ZZ_15061981659504_53474247639408","labels","10.5x16 Kraft Self-Seal Bubble Mailers #5 - Tamper-Evident, 25 Pack","https://packrift.com/products/10-5x16-kraft-self-seal-bubble-mailers-5-tamper-evident-25-pack","10","10",""
"B858SSTT","shopify_ZZ_15061982577008_53474250326384","labels","10.5 x 16"" Kraft Bubble Mailers w/ Tear Strip - 100 Pack","https://packrift.com/products/10-5-x-16-kraft-bubble-mailers-w-tear-strip-100-pack","10","10",""
"B858WSS","shopify_ZZ_15062442738032_53475999777136","labels","#5 White Bubble Mailers 10.5x16"" Self-Seal, 100/Case","https://packrift.com/products/5-white-bubble-mailers-10-5x16-self-seal-100-case","10","10",""
"B859","shopify_ZZ_15061970026864_53474219000176","mailers","19x12.5 Kraft Heat-Seal Bubble Mailers #6 - Lightweight Protection, Case of 50","https://packrift.com/products/19x12-5-kraft-heat-seal-bubble-mailers-6-lightweight-protection-case-of-50","9","10","details_3_plus"
"B859SSR","shopify_ZZ_15061982085488_53474248262000","labels","19 x 12.5"" Kraft Bubble Mailers #6 Self-Seal - 25 Pack","https://packrift.com/products/19-x-12-5-kraft-bubble-mailers-6-self-seal-25-pack","10","10",""
"B859SSRTT","shopify_ZZ_15061983691120_53474252325232","labels","12.5x19"" Kraft Bubble Mailers w/ Tear Strip - #6 Self-Seal, Case/25","https://packrift.com/products/12-5x19-kraft-bubble-mailers-w-tear-strip-6-self-seal-case-25","10","10",""
"B859SSTT","shopify_ZZ_15061982609776_53474250359152","labels","19x12.5"" Kraft Bubble Mailers #6 Self-Seal Tear Strip - 50/Case","https://packrift.com/products/19x12-5-kraft-bubble-mailers-6-self-seal-tear-strip-50-case","10","10",""
"B860","shopify_ZZ_15061970059632_53474219032944","mailers","20x14.25 Kraft Heat-Seal Bubble Mailers #7 - Lightweight Protection, Case of 50","https://packrift.com/products/20x14-25-kraft-heat-seal-bubble-mailers-7-lightweight-protection-case-of-50","9","10","details_3_plus"
"B860SS","shopify_ZZ_15061980610928_53474245640560","labels","14.25x20"" Kraft Self-Seal Bubble Mailers #7 - 3/16"" Cushioning, 50/Case","https://packrift.com/products/14-25x20-kraft-self-seal-bubble-mailers-7-3-16-cushioning-50-case","10","10",""
"B860SSTT","shopify_ZZ_15061982675312_53474250424688","labels","14 1/4 x 20"" Kraft Bubble Mailers w/ Tear Strip - 50 Case","https://packrift.com/products/14-1-4-x-20-kraft-bubble-mailers-w-tear-strip-50-case","10","10",""
"B860WSS","shopify_ZZ_15062442869104_53476000301424","labels","14 1/4 x 20"" White Self-Seal Bubble Mailers #7 - 50/Case","https://packrift.com/products/14-1-4-x-20-white-self-seal-bubble-mailers-7-50-case","10","10",""
"B867","shopify_ZZ_15062140289392_53474509488496","mailers","10x13 Self-Seal Poly Mailers 2.5 Mil White - 1000 Pack","https://packrift.com/products/10x13-self-seal-poly-mailers-2-5-mil-white-1000-pack","10","10",""
"B869","shopify_ZZ_15062140223856_53474509422960","mailers","9x12"" Self-Seal Poly Mailers 2.5 Mil Polyethylene - Case of 1000","https://packrift.com/products/9x12-self-seal-poly-mailers-2-5-mil-polyethylene-case-of-1000","10","10",""
"B871","shopify_ZZ_15062139830640_53474508996976","mailers","6x9 Poly Mailers 2.5 Mil Self-Seal Tear Strip - 1000/Case","https://packrift.com/products/6x9-poly-mailers-2-5-mil-self-seal-tear-strip-1000-case","10","10",""
"B872100PK","shopify_ZZ_15062139470192_53474508636528","mailers","7.5x10.5"" Self-Seal Poly Mailers 2.5 Mil Tear Strip - 100 Pack","https://packrift.com/products/7-5x10-5-self-seal-poly-mailers-2-5-mil-tear-strip-100-pack","10","10",""
"B873","shopify_ZZ_15062139896176_53474509062512","mailers","9x12 White Poly Mailers with Tear Strip - Self-Seal, 2.5 Mil, 500/Case","https://packrift.com/products/9x12-white-poly-mailers-with-tear-strip-self-seal-2-5-mil-500-case","10","10",""
"B874","shopify_ZZ_15062139928944_53474509095280","mailers","10x13"" 2.5 Mil White Poly Mailers with Tear Strip - Case of 500","https://packrift.com/products/10x13-2-5-mil-white-poly-mailers-with-tear-strip-case-of-500","10","10",""
"B874100PK","shopify_ZZ_15062139535728_53474508702064","mailers","10x13 White Poly Mailers 2.5 Mil Self-Seal Tear Strip - 100 Pack","https://packrift.com/products/10x13-white-poly-mailers-2-5-mil-self-seal-tear-strip-100-pack","10","10",""
"B875","shopify_ZZ_15062139961712_53474509128048","mailers","12 x 15.5"" Self-Seal Poly Mailers 2.5 Mil - Tear Strip, Case of 500","https://packrift.com/products/12-x-15-5-self-seal-poly-mailers-2-5-mil-tear-strip-case-of-500","10","10",""
"B87550PK","shopify_ZZ_15062139568496_53474508734832","mailers","12x15.5"" Self-Seal Poly Mailers 2.5 Mil - Puncture Resistant, 50 Pack","https://packrift.com/products/12x15-5-self-seal-poly-mailers-2-5-mil-puncture-resistant-50-pack","10","10",""
"B878","shopify_ZZ_15062140420464_53474509619568","mailers","24x24"" 2.5 Mil Self-Seal Poly Mailers - Puncture Resistant, Case of 125","https://packrift.com/products/24x24-2-5-mil-self-seal-poly-mailers-puncture-resistant-case-of-125","10","10",""
"B879","shopify_ZZ_15062140027248_53474509226352","mailers","14x17"" 2.5 Mil Self-Seal Poly Mailers White - Puncture Resistant, Case of 500","https://packrift.com/products/14x17-2-5-mil-self-seal-poly-mailers-white-puncture-resistant-case-of-500","10","10",""
"B879100PK","shopify_ZZ_15062139634032_53474508800368","mailers","14x17"" 2.5 Mil Poly Mailers Self-Seal Tear Strip - 100 Pack","https://packrift.com/products/14x17-2-5-mil-poly-mailers-self-seal-tear-strip-100-pack","10","10",""
"B880100PK","shopify_ZZ_15062139797872_53474508964208","mailers","36x24"" White Poly Mailers Self-Seal 2.5 Mil - Case of 100","https://packrift.com/products/36x24-white-poly-mailers-self-seal-2-5-mil-case-of-100","10","10",""
"B883","shopify_ZZ_15062033269104_53474352857456","mailers","10x6 #0 Nylon Reinforced Mailers - Tear Resistant Shipping Bags, Case of 1000","https://packrift.com/products/10x6-0-nylon-reinforced-mailers-tear-resistant-shipping-bags-case-of-1000","10","10",""
"B884","shopify_ZZ_15062033432944_53474353021296","mailers","12 x 7 1/4"" #1 Nylon Reinforced Mailers - Tear Resistant, Case of 1000","https://packrift.com/products/12-x-7-1-4-1-nylon-reinforced-mailers-tear-resistant-case-of-1000","10","10",""
"B884SS","shopify_ZZ_15062265692528_53475274031472","mailers","12x7.25 #1 Self-Seal Nylon Reinforced Mailers - 1000/Case","https://packrift.com/products/12x7-25-1-self-seal-nylon-reinforced-mailers-1000-case","10","10",""
"B888","shopify_ZZ_15062034088304_53474353742192","mailers","16x10.5 Nylon Reinforced Mailers #5 - Tear Resistant, Case of 500","https://packrift.com/products/16x10-5-nylon-reinforced-mailers-5-tear-resistant-case-of-500","10","10",""
"B888SS","shopify_ZZ_15062265790832_53475274162544","mailers","10.5x16 Nylon Reinforced Self-Seal Mailers #5 - 500/Case","https://packrift.com/products/10-5x16-nylon-reinforced-self-seal-mailers-5-500-case","10","10",""
"B889","shopify_ZZ_15062034186608_53474353840496","mailers","19x12.5 Nylon Reinforced Mailers #6 Tear-Resistant - Case of 250","https://packrift.com/products/19x12-5-nylon-reinforced-mailers-6-tear-resistant-case-of-250","10","10",""
"B889SS","shopify_ZZ_15062265823600_53475274359152","mailers","19x12.5"" #6 Nylon Reinforced Self-Seal Mailers - 250/Case","https://packrift.com/products/19x12-5-6-nylon-reinforced-self-seal-mailers-250-case","10","10",""
"B890","shopify_ZZ_15062034350448_53474354004336","mailers","20x14.5 Heavy-Duty Nylon Reinforced Mailers - Tear Resistant, Case of 250","https://packrift.com/products/20x14-5-heavy-duty-nylon-reinforced-mailers-tear-resistant-case-of-250","10","10",""
"B920","shopify_ZZ_15061780103536_53473332658544","mailers","7.25"" x 12"" Bubble Lined Poly Mailers - Extreme Protection, Case of 50","https://packrift.com/products/7-25-x-12-bubble-lined-poly-mailers-extreme-protection-case-of-50","10","10",""
"B921","shopify_ZZ_15061780169072_53473332724080","mailers","8.5x12"" Bubble Lined Poly Mailers - 5/16"" Cushioning, Case of 50","https://packrift.com/products/8-5x12-bubble-lined-poly-mailers-5-16-cushioning-case-of-50","10","10",""
"B923","shopify_ZZ_15061780267376_53473332822384","mailers","10.5x16"" Jiffy Tuffgard Extreme Bubble Mailers - Double Protection, 50/Case","https://packrift.com/products/10-5x16-jiffy-tuffgard-extreme-bubble-mailers-double-protection-50-case","10","10",""
"B924","shopify_ZZ_15061780300144_53473332855152","mailers","14.25x20"" Bubble Lined Poly Mailers - 5/16"" Protection, 25/Case","https://packrift.com/products/14-25x20-bubble-lined-poly-mailers-5-16-protection-25-case","10","10",""
"BC3","shopify_ZZ_15062285877616_53475321479536","boxes","4 3/4"" x 3 1/2"" x 2"" Gray Leatherette Set-Up Cartons - Pre-Assembled, Case of 100","https://packrift.com/products/4-3-4-x-3-1-2-x-2-gray-leatherette-set-up-cartons-pre-assembled-case-of-100","10","10",""
"BCF23","shopify_ZZ_15062284992880_53475319480688","boxes","4.75x3.5x2 White Fibreboard Folding Cartons - Snap Assembly, Case of 200","https://packrift.com/products/4-75x3-5x2-white-fibreboard-folding-cartons-snap-assembly-case-of-200","10","10",""
"BCF26","shopify_ZZ_15062285779312_53475321348464","boxes","12x3.5x2"" White Fibreboard Folding Cartons - Snap-Lock Design, Case of 200","https://packrift.com/products/12x3-5x2-white-fibreboard-folding-cartons-snap-lock-design-case-of-200","10","10",""
"BGFH102UP","shopify_ZZ_15061686583664_53473139949936","mailers","12x7x17"" Kraft Flat Handle Grocery Bags w/ Thank You Print - Case of 300","https://packrift.com/products/12x7x17-kraft-flat-handle-grocery-bags-w-thank-you-print-case-of-300","10","10",""
"BGG111K","shopify_ZZ_15061969338736_53474218279280","mailers","12 x 7 x 17"" Kraft Grocery Bags - Durable Paper Shopping Bags, Case of 500","https://packrift.com/products/12-x-7-x-17-kraft-grocery-bags-durable-paper-shopping-bags-case-of-500","10","10",""
"BGH121K","shopify_ZZ_15061760180592_53473295630704","mailers","4 5/16 x 2 7/8"" Kraft Hardware Bags 50lb - Gusseted, Case of 400","https://packrift.com/products/4-5-16-x-2-7-8-kraft-hardware-bags-50lb-gusseted-case-of-400","10","10",""
"BGH122K","shopify_ZZ_15061760213360_53473295663472","mailers","4 3/4 x 2 5/16 x 8 9/16"" Kraft Hardware Bags - Heavy-Duty, Case of 400","https://packrift.com/products/4-3-4-x-2-5-16-x-8-9-16-kraft-hardware-bags-heavy-duty-case-of-400","10","10",""
"BGH123K","shopify_ZZ_15061760246128_53473295696240","mailers","5x3.25x9.75"" Kraft Hardware Bags - Heavy-Duty Paper Sacks, Case of 400","https://packrift.com/products/5x3-25x9-75-kraft-hardware-bags-heavy-duty-paper-sacks-case-of-400","10","10",""
"BGH124K","shopify_ZZ_15061760278896_53473295729008","mailers","5 1/4 x 3 7/16 x 10 15/16"" Kraft Hardware Bags - Heavy-Duty, Case of 400","https://packrift.com/products/5-1-4-x-3-7-16-x-10-15-16-kraft-hardware-bags-heavy-duty-case-of-400","10","10",""
"BGH125K","shopify_ZZ_15061760311664_53473295761776","mailers","6x3.625x11 Kraft Hardware Bags - Heavy-Duty Paper Sacks, Case of 400","https://packrift.com/products/6x3-625x11-kraft-hardware-bags-heavy-duty-paper-sacks-case-of-400","10","10",""
"BGH126K","shopify_ZZ_15061760344432_53473295794544","mailers","6 1/8 x 4 1/5 x 12 7/16"" Kraft Hardware Bags - 57 lb., Case of 400","https://packrift.com/products/6-1-8-x-4-1-5-x-12-7-16-kraft-hardware-bags-57-lb-case-of-400","10","10",""
"BGH129K","shopify_ZZ_15061760475504_53473295925616","mailers","7 3/4 x 4 3/4 x 16"" Kraft Hardware Bags, 57 lb - Case of 400","https://packrift.com/products/7-3-4-x-4-3-4-x-16-kraft-hardware-bags-57-lb-case-of-400","10","10",""
"BGH130K","shopify_ZZ_15061760508272_53473295958384","mailers","8.25x5.31x16.13"" Kraft Hardware Bags - Heavy-Duty, Gusseted, Case of 400","https://packrift.com/products/8-25x5-31x16-13-kraft-hardware-bags-heavy-duty-gusseted-case-of-400","10","10",""
"BGH131K","shopify_ZZ_15061760541040_53473295991152","mailers","8.25 x 5.25 x 18"" Kraft Hardware Bags - Heavy-Duty Paper, Case of 400","https://packrift.com/products/8-25-x-5-25-x-18-kraft-hardware-bags-heavy-duty-paper-case-of-400","10","10",""
"BGM104W","shopify_ZZ_15062428385648_53475956588912","mailers","10x13"" White Recycled Paper Flat Merchandise Bags - 1000/Case","https://packrift.com/products/10x13-white-recycled-paper-flat-merchandise-bags-1000-case","10","10",""
"BGM108W","shopify_ZZ_15061760115056_53473295565168","mailers","17x24"" White Recycled Paper Gusseted Merchandise Bags - 500/Case","https://packrift.com/products/17x24-white-recycled-paper-gusseted-merchandise-bags-500-case","10","10",""
"BGM110W","shopify_ZZ_15061760049520_53473295499632","mailers","10x2x15"" White Recycled Paper Gusseted Merchandise Bags - 1000/Case","https://packrift.com/products/10x2x15-white-recycled-paper-gusseted-merchandise-bags-1000-case","10","10",""
"BGS101K","shopify_ZZ_15061976940912_53474235023728","mailers","5.5x3.25x8.375"" Kraft Paper Shopping Bags w/ Handles - Case of 250","https://packrift.com/products/5-5x3-25x8-375-kraft-paper-shopping-bags-w-handles-case-of-250","10","10",""
"BGS101W","shopify_ZZ_15062436544880_53475982147952","mailers","5.5x3.25x8.375"" White Paper Shopping Bags 60lb - Heavy-Duty Twisted Handles, Case of 250","https://packrift.com/products/5-5x3-25x8-375-white-paper-shopping-bags-60lb-heavy-duty-twisted-handles-case-of-250","10","10",""
"BGS103K","shopify_ZZ_15061976973680_53474235056496","mailers","8x4.5x10"" Kraft Paper Shopping Bags 60lb - Heavy Duty, Case of 250","https://packrift.com/products/8x4-5x10-kraft-paper-shopping-bags-60lb-heavy-duty-case-of-250","10","10",""
"BGS103W","shopify_ZZ_15062436708720_53475982606704","mailers","8x4.5x10.25"" White Paper Shopping Bags 60lb - Case of 250","https://packrift.com/products/8x4-5x10-25-white-paper-shopping-bags-60lb-case-of-250","10","10",""
"BGS105K","shopify_ZZ_15061977039216_53474235122032","mailers","13x6x15.75"" Kraft Paper Shopping Bags - Heavy-Duty Handles, Case of 250","https://packrift.com/products/13x6x15-75-kraft-paper-shopping-bags-heavy-duty-handles-case-of-250","10","10",""
"BGS106K","shopify_ZZ_15061977104752_53474235187568","mailers","13x7x17"" Kraft Paper Shopping Bags 60lb - Heavy-Duty Handles, Case of 250","https://packrift.com/products/13x7x17-kraft-paper-shopping-bags-60lb-heavy-duty-handles-case-of-250","10","10",""
"BGS107K","shopify_ZZ_15061977203056_53474235384176","mailers","14x10x16"" Kraft Paper Shopping Bags 60lb - Heavy-Duty Handles, Case of 200","https://packrift.com/products/14x10x16-kraft-paper-shopping-bags-60lb-heavy-duty-handles-case-of-200","10","10",""
"BGS110W","shopify_ZZ_15062437069168_53475983393136","mailers","16x6x19 65lb White Paper Shopping Bags w/ Twisted Handles - Case of 200","https://packrift.com/products/16x6x19-65lb-white-paper-shopping-bags-w-twisted-handles-case-of-200","10","10",""
"BGS114K","shopify_ZZ_15061977071984_53474235154800","mailers","13x7x13 Kraft Paper Shopping Bags w/ Handles - Case of 250","https://packrift.com/products/13x7x13-kraft-paper-shopping-bags-w-handles-case-of-250","10","10",""
"BH110","shopify_ZZ_15061092565360_53439038554480","labels","4x3"" Clear PVC-Free Clip-On Badge Holders - 8 Mil, Case of 50","https://packrift.com/products/4x3-clear-pvc-free-clip-on-badge-holders-8-mil-case-of-50","10","10",""
"BH120","shopify_ZZ_15061092663664_53439046779248","labels","3x4"" Clear PVC-Free Hanging Badge Holders, 8 Mil - 50/Case","https://packrift.com/products/3x4-clear-pvc-free-hanging-badge-holders-8-mil-50-case","10","10",""
"BN3M5312","shopify_ZZ_15061065728368_53436776841584","tape","3M Bumpon Clear Flat Top Protective Spacers 1/2"" x 9/64"" - Case of 3000","https://packrift.com/products/3m-bumpon-clear-flat-top-protective-spacers-1-2-x-9-64-case-of-3000","9","10","details_3_plus"
"BOB1010F","shopify_ZZ_15061740880240_53473256702320","poly_bags","10x10"" Clear Polyethylene Bubble Pouches - 350/Case Flush Cut","https://packrift.com/products/10x10-clear-polyethylene-bubble-pouches-350-case-flush-cut","10","10",""
"BOB1215","shopify_ZZ_15062262219120_53475260989808","poly_bags","12x15.5"" Clear Bubble Pouches Self-Seal - 200/Case","https://packrift.com/products/12x15-5-clear-bubble-pouches-self-seal-200-case","10","10",""
"BOB1215AS","shopify_ZZ_15061089911152_53438766776688","poly_bags","12x15.5"" Anti-Static Bubble Pouches, 3/16"" Bubble, Case of 200","https://packrift.com/products/12x15-5-anti-static-bubble-pouches-3-16-bubble-case-of-200","9","10","details_3_plus"
"BOB1515","shopify_ZZ_15062262415728_53475261776240","poly_bags","15x15 Self-Seal Bubble Pouches - 3/16"" Protection, 150/Case","https://packrift.com/products/15x15-self-seal-bubble-pouches-3-16-protection-150-case","10","10",""
"BOB1515F","shopify_ZZ_15061741076848_53473259127152","poly_bags","15x15"" Bubble Pouches - 3/16"" Flush Cut Open End, Case of 200","https://packrift.com/products/15x15-bubble-pouches-3-16-flush-cut-open-end-case-of-200","10","10",""
"BOB1517AS","shopify_ZZ_15061090107760_53438791352688","poly_bags","15x17.5 Anti-Static Bubble Pouches Self-Seal - 150/Case","https://packrift.com/products/15x17-5-anti-static-bubble-pouches-self-seal-150-case","9","10","details_3_plus"
"BOB2020AS","shopify_ZZ_15061090206064_53438799577456","poly_bags","20x20"" Anti-Static Bubble Pouches - Self-Seal Protection, Case of 100","https://packrift.com/products/20x20-anti-static-bubble-pouches-self-seal-protection-case-of-100","9","10","details_3_plus"
"BOB2424AS","shopify_ZZ_15061090304368_53438815928688","poly_bags","24x24"" Anti-Static Bubble Pouches Self-Seal Pink - Case of 75","https://packrift.com/products/24x24-anti-static-bubble-pouches-self-seal-pink-case-of-75","9","10","details_3_plus"
"BOB3624F","shopify_ZZ_15061741273456_53473259323760","poly_bags","36x24"" Bubble Pouches - 3/16"" Flush Cut, Clear PE, Case of 50","https://packrift.com/products/36x24-bubble-pouches-3-16-flush-cut-clear-pe-case-of-50","10","10",""
"BOB3648F","shopify_ZZ_15061741338992_53473259389296","poly_bags","36x48"" Flush Cut Bubble Pouches - Clear PE, 3/16"" Bubble, Case of 10","https://packrift.com/products/36x48-flush-cut-bubble-pouches-clear-pe-3-16-bubble-case-of-10","10","10",""
"BOB46F","shopify_ZZ_15061740421488_53473256210800","poly_bags","4x6"" Flush Cut Bubble Pouches - Clear PE, 1000/Case","https://packrift.com/products/4x6-flush-cut-bubble-pouches-clear-pe-1000-case","10","10",""
"BOB47","shopify_ZZ_15062260777328_53475256402288","poly_bags","4x7.5"" Clear Bubble Pouches Self-Seal - Fast Packing, 1100/Case","https://packrift.com/products/4x7-5-clear-bubble-pouches-self-seal-fast-packing-1100-case","10","10",""
"BOB48F","shopify_ZZ_15061740454256_53473256276336","poly_bags","8x4"" Clear Polyethylene Flush Cut Bubble Pouches - 1000/Case","https://packrift.com/products/8x4-clear-polyethylene-flush-cut-bubble-pouches-1000-case","10","10",""
"BOB510","shopify_ZZ_15062261236080_53475257680240","poly_bags","10.5x5"" Self-Seal Bubble Pouches - 3/16"" Polyethylene, 250/Case","https://packrift.com/products/10-5x5-self-seal-bubble-pouches-3-16-polyethylene-250-case","10","10",""
"BOB56","shopify_ZZ_15062261006704_53475257221488","poly_bags","5x6"" Clear Bubble Pouches Self-Seal, 450/Case - Fast Packing","https://packrift.com/products/5x6-clear-bubble-pouches-self-seal-450-case-fast-packing","10","10",""
"BOB615","shopify_ZZ_15062261465456_53475259351408","poly_bags","6x15.5"" Clear Bubble Pouches Self-Seal - 250/Case","https://packrift.com/products/6x15-5-clear-bubble-pouches-self-seal-250-case","10","10",""
"BOB615F","shopify_ZZ_15061740683632_53473256505712","poly_bags","6x15"" Clear Polyethylene Bubble Pouches - Flush Cut, Case of 400","https://packrift.com/products/6x15-clear-polyethylene-bubble-pouches-flush-cut-case-of-400","10","10",""
"BOB665","shopify_ZZ_15062261334384_53475257942384","poly_bags","6x6.5"" Clear Polyethylene Self-Seal Bubble Pouches - Fast Packing, 500/Case","https://packrift.com/products/6x6-5-clear-polyethylene-self-seal-bubble-pouches-fast-packing-500-case","10","10",""
"BOB66AS","shopify_ZZ_15061089124720_53438684692848","poly_bags","6x6"" Anti-Static Bubble Pouches Self-Seal Pink 500/Case","https://packrift.com/products/6x6-anti-static-bubble-pouches-self-seal-pink-500-case","9","10","details_3_plus"
"BOB68F","shopify_ZZ_15061740618096_53473256440176","poly_bags","6x8"" Bubble Pouches Flush Cut 3/16"" - 650/Case Open End","https://packrift.com/products/6x8-bubble-pouches-flush-cut-3-16-650-case-open-end","10","10",""
"BOB711","shopify_ZZ_15062261662064_53475259679088","poly_bags","7x11.5"" Self-Seal Bubble Pouches, 3/16"" Bubbles - 400/Case","https://packrift.com/products/7x11-5-self-seal-bubble-pouches-3-16-bubbles-400-case","10","10",""
"BOB711AS","shopify_ZZ_15061089386864_53438717460848","poly_bags","7x11.5"" Anti-Static Bubble Pouches, 3/16"" Cell, Case of 400","https://packrift.com/products/7x11-5-anti-static-bubble-pouches-3-16-cell-case-of-400","9","10","details_3_plus"
"BOB78","shopify_ZZ_15062261563760_53475259515248","poly_bags","7x8.5"" Self-Seal Bubble Pouches, 3/16"" Cell, 550/Case","https://packrift.com/products/7x8-5-self-seal-bubble-pouches-3-16-cell-550-case","10","10",""
"BOB78AS","shopify_ZZ_15061089321328_53438709268848","poly_bags","7x8.5"" Anti-Static Bubble Pouches, 3/16"" Bubble, Self-Seal - 550/Case","https://packrift.com/products/7x8-5-anti-static-bubble-pouches-3-16-bubble-self-seal-550-case","9","10","details_3_plus"
"BOB815AS","shopify_ZZ_15061089583472_53438742036848","poly_bags","8x15.5"" Anti-Static Bubble Pouches - Self-Seal, 300/Case","https://packrift.com/products/8x15-5-anti-static-bubble-pouches-self-seal-300-case","9","10","details_3_plus"
"BOB817","shopify_ZZ_15062261825904_53475260170608","poly_bags","8x17.5"" Self-Seal Bubble Pouches, 3/16"" Bubble, 250/Case","https://packrift.com/products/8x17-5-self-seal-bubble-pouches-3-16-bubble-250-case","10","10",""
"BOB913","shopify_ZZ_15062261891440_53475260268912","poly_bags","9x13.5"" Self-Seal Bubble Pouches - 3/16"" Bubble, 350/Case","https://packrift.com/products/9x13-5-self-seal-bubble-pouches-3-16-bubble-350-case","10","10",""
"BOBHD811","shopify_ZZ_15062291382640_53475327541616","poly_bags","8x11"" Self-Seal Bubble Pouches 5/16"" Cushioning - Case 250","https://packrift.com/products/8x11-self-seal-bubble-pouches-5-16-cushioning-case-250","10","10",""
"BOBSC0608","shopify_ZZ_15062262776176_53475263775088","poly_bags","6x8.5"" Clear Bubble Pouches Self-Seal - 250/Case","https://packrift.com/products/6x8-5-clear-bubble-pouches-self-seal-250-case","10","10",""
"CF112C","shopify_ZZ_15061138440560_53442987065712","poly_bags","12' x 400' Clear Poly Sheeting 1 Mil - Moisture & Dust Protection","https://packrift.com/products/12-x-400-clear-poly-sheeting-1-mil-moisture-dust-protection","9","10","pack_count_signal"
"CF206C","shopify_ZZ_15061138538864_53442995290480","poly_bags","6' x 200' Clear 2 Mil Poly Sheeting - Moisture & Dust Protection (1 Roll)","https://packrift.com/products/6-x-200-clear-2-mil-poly-sheeting-moisture-dust-protection-1-roll","9","10","pack_count_signal"
"CF208C","shopify_ZZ_15061138669936_53443011674480","poly_bags","8' x 200' Clear 2 Mil Poly Sheeting - Moisture Protection (Case of 1)","https://packrift.com/products/8-x-200-clear-2-mil-poly-sheeting-moisture-protection-case-of-1","9","10","pack_count_signal"
"CF403B","shopify_ZZ_15061099643248_53439820038512","poly_bags","100' x 3' 4 Mil Black Poly Sheeting - Moisture & Dust Protection, Case of 1","https://packrift.com/products/100-x-3-4-mil-black-poly-sheeting-moisture-dust-protection-case-of-1","9","10","pack_count_signal"
"CF403C","shopify_ZZ_15061139095920_53443061121392","poly_bags","3' x 100' 4 Mil Clear Poly Sheeting - Moisture Protection, Case of 1","https://packrift.com/products/3-x-100-4-mil-clear-poly-sheeting-moisture-protection-case-of-1","9","10","pack_count_signal"
"CF404C","shopify_ZZ_15061139194224_53443069346160","poly_bags","4 Mil Clear Poly Sheeting 100' x 4' - Moisture Barrier Protection, Case of 1","https://packrift.com/products/4-mil-clear-poly-sheeting-100-x-4-moisture-barrier-protection-case-of-1","9","10","pack_count_signal"
"CF406B","shopify_ZZ_15061099676016_53439820071280","poly_bags","6' x 100' 4 Mil Black Poly Sheeting - Durable Protective Cover","https://packrift.com/products/6-x-100-4-mil-black-poly-sheeting-durable-protective-cover","9","10","pack_count_signal"
"CF408B","shopify_ZZ_15061099741552_53439820136816","poly_bags","8' x 100' 4 Mil Black Poly Sheeting - Heavy-Duty Protective Cover","https://packrift.com/products/8-x-100-4-mil-black-poly-sheeting-heavy-duty-protective-cover","9","10","pack_count_signal"
"CF408C","shopify_ZZ_15061139292528_53443077570928","poly_bags","8' x 100' Clear Poly Sheeting 4 Mil - Moisture Protection, 1 Roll","https://packrift.com/products/8-x-100-clear-poly-sheeting-4-mil-moisture-protection-1-roll","9","10","pack_count_signal"
"CF410C","shopify_ZZ_15061139358064_53443085762928","poly_bags","10' x 100' 4 Mil Clear Poly Sheeting - Durable Moisture Barrier Protection","https://packrift.com/products/10-x-100-4-mil-clear-poly-sheeting-durable-moisture-barrier-protection","9","10","pack_count_signal"
"CF606C","shopify_ZZ_15061139947888_53443143270768","poly_bags","6 Mil Clear Poly Sheeting 100' x 6' - Heavy Duty Moisture Barrier Protection","https://packrift.com/products/6-mil-clear-poly-sheeting-100-x-6-heavy-duty-moisture-barrier-protection","9","10","pack_count_signal"
"CF610C","shopify_ZZ_15061140144496_53443159720304","poly_bags","100' x 10' 6 Mil Clear Poly Sheeting - Moisture Protection, 1 Case","https://packrift.com/products/100-x-10-6-mil-clear-poly-sheeting-moisture-protection-1-case","9","10","pack_count_signal"
"CP1414","shopify_ZZ_15061029454192_53434691420528","boxes","14x14 Kraft Chipboard Pads - Durable Box Stiffeners, Case of 460","https://packrift.com/products/14x14-kraft-chipboard-pads-durable-box-stiffeners-case-of-460","10","10",""
"CP1620","shopify_ZZ_15061029585264_53434707804528","boxes","16x20 Kraft Chipboard Pads - Durable Box Stiffeners, Case of 275","https://packrift.com/products/16x20-kraft-chipboard-pads-durable-box-stiffeners-case-of-275","10","10",""
"CP2335","shopify_ZZ_15061029847408_53434740572528","boxes","23x35 Kraft Chipboard Pads - Box Protection Stiffeners, Case of 111","https://packrift.com/products/23x35-kraft-chipboard-pads-box-protection-stiffeners-case-of-111","10","10",""
"CP810","shopify_ZZ_15061028569456_53434568540528","boxes","8x10 Kraft Chipboard Pads - Box Protection Stiffeners, Case of 1050","https://packrift.com/products/8x10-kraft-chipboard-pads-box-protection-stiffeners-case-of-1050","10","10",""
"CP8511HD","shopify_ZZ_15061071659376_53437354934640","boxes","8.5x11 Extra Heavy Duty Chipboard Pads - 50pt Kraft Stiffeners, Case/470","https://packrift.com/products/8-5x11-extra-heavy-duty-chipboard-pads-50pt-kraft-stiffeners-case-470","10","10",""
"CP8511W","shopify_ZZ_15061030076784_53434765148528","boxes","8.5x11 White Chipboard Pads - 22pt Stiffeners, Case of 960","https://packrift.com/products/8-5x11-white-chipboard-pads-22pt-stiffeners-case-of-960","10","10",""
"CPHD912","shopify_ZZ_15061030371696_53434806075760","boxes","9x12 Heavy Duty Chipboard Pads - Kraft Fibreboard Stiffeners, Case of 640","https://packrift.com/products/9x12-heavy-duty-chipboard-pads-kraft-fibreboard-stiffeners-case-of-640","10","10",""
"CPM1013BK","shopify_ZZ_15061152498032_53443740828016","mailers","10x13 Black Poly Mailers 2.5 Mil Self-Seal - Professional Shipping, Case of 100","https://packrift.com/products/10x13-black-poly-mailers-2-5-mil-self-seal-professional-shipping-case-of-100","10","10",""
"CPM1013BL","shopify_ZZ_15061152661872_53443749413232","mailers","10x13 Blue Poly Mailers Self-Seal 2.5 Mil - Case of 100","https://packrift.com/products/10x13-blue-poly-mailers-self-seal-2-5-mil-case-of-100","10","10",""
"CPM1013P","shopify_ZZ_15061153382768_53443775431024","mailers","10x13 Pink Self-Seal Poly Mailers 2.5 Mil - Puncture Resistant, Case of 100","https://packrift.com/products/10x13-pink-self-seal-poly-mailers-2-5-mil-puncture-resistant-case-of-100","10","10",""
"CPM1013R","shopify_ZZ_15061152858480_53443757834608","mailers","10x13 Red Poly Mailers 2.5 Mil Self-Seal Waterproof - Case of 100","https://packrift.com/products/10x13-red-poly-mailers-2-5-mil-self-seal-waterproof-case-of-100","10","10",""
"CPM1013Y","shopify_ZZ_15061153055088_53443766518128","mailers","10x13"" Yellow Self-Seal Poly Mailers 2.5 Mil - Puncture Resistant, Case of 100","https://packrift.com/products/10x13-yellow-self-seal-poly-mailers-2-5-mil-puncture-resistant-case-of-100","10","10",""
"CPM1215BK","shopify_ZZ_15061153612144_53443791978864","mailers","12x15.5"" Black Self-Seal Poly Mailers 2.5 Mil - 100/Case","https://packrift.com/products/12x15-5-black-self-seal-poly-mailers-2-5-mil-100-case","10","10",""
"CPM1215BL","shopify_ZZ_15061153808752_53443802431856","mailers","12x15.5"" Blue Poly Mailers - Self-Seal, Puncture-Resistant, Case of 100","https://packrift.com/products/12x15-5-blue-poly-mailers-self-seal-puncture-resistant-case-of-100","10","10",""
"CPM1215P","shopify_ZZ_15061154529648_53443811803504","mailers","12x15.5"" Pink Self-Seal Poly Mailers 2.5 Mil - 100/Case","https://packrift.com/products/12x15-5-pink-self-seal-poly-mailers-2-5-mil-100-case","10","10",""
"CPM1215R","shopify_ZZ_15061154005360_53443802956144","mailers","12x15.5"" Red Self-Seal Poly Mailers 2.5 Mil - 100/Case","https://packrift.com/products/12x15-5-red-self-seal-poly-mailers-2-5-mil-100-case","10","10",""
"CPM1215Y","shopify_ZZ_15061154234736_53443803382128","mailers","12x15.5"" Yellow Self-Seal Poly Mailers 2.5 Mil - 100/Case","https://packrift.com/products/12x15-5-yellow-self-seal-poly-mailers-2-5-mil-100-case","10","10",""
"CPM1419BK","shopify_ZZ_15061154726256_53443828384112","mailers","14.5x19"" Black Poly Mailers 2.5 Mil Self-Seal - Case of 100","https://packrift.com/products/14-5x19-black-poly-mailers-2-5-mil-self-seal-case-of-100","10","10",""
"CPM1419BL","shopify_ZZ_15061155021168_53443837329776","mailers","19 x 14.5"" Blue Self-Seal Poly Mailers 2.5 Mil - Case of 100","https://packrift.com/products/19-x-14-5-blue-self-seal-poly-mailers-2-5-mil-case-of-100","10","10",""
"CPM1419P","shopify_ZZ_15061155709296_53443870884208","mailers","14.5x19 Pink Self-Seal Poly Mailers 2.5 Mil - 100/Case","https://packrift.com/products/14-5x19-pink-self-seal-poly-mailers-2-5-mil-100-case","10","10",""
"CPM1419R","shopify_ZZ_15061155250544_53443845783920","mailers","14.5x19 Red Poly Mailers - Self-Seal Waterproof, 2.5 Mil, Case/100","https://packrift.com/products/14-5x19-red-poly-mailers-self-seal-waterproof-2-5-mil-case-100","10","10",""
"CPM1419Y","shopify_ZZ_15061155512688_53443862495600","mailers","14.5x19"" Yellow Self-Seal Poly Mailers 2.5 Mil - 100/Case","https://packrift.com/products/14-5x19-yellow-self-seal-poly-mailers-2-5-mil-100-case","10","10",""
"CTID80","shopify_ZZ_15061683536240_53473135559024","labels","6"" Red Identification Cable Ties 120 lb - Color Coding & Labeling, Case of 100","https://packrift.com/products/6-red-identification-cable-ties-120-lb-color-coding-labeling-case-of-100","9","10","dimension_signal"
"CTID86","shopify_ZZ_15061683700080_53473135985008","labels","9"" 120lb Yellow Identification Cable Ties - Color Coding & Labeling, Case of 100","https://packrift.com/products/9-120lb-yellow-identification-cable-ties-color-coding-labeling-case-of-100","9","10","dimension_signal"
"CV1013","shopify_ZZ_15061141979504_53443356754288","mailers","10x13"" Clear View Poly Mailers, 2.5 Mil Self-Seal, Case of 500","https://packrift.com/products/10x13-clear-view-poly-mailers-2-5-mil-self-seal-case-of-500","10","10",""
"CV1215","shopify_ZZ_15061141684592_53443323953520","mailers","12x15.5"" Clear View Self-Seal Poly Mailers 2.5 Mil - Case of 100","https://packrift.com/products/12x15-5-clear-view-self-seal-poly-mailers-2-5-mil-case-of-100","10","10",""
"CV1417","shopify_ZZ_15061141750128_53443332145520","mailers","14x17"" Clear View Poly Mailers - Self-Seal, Tear-Resistant, Case of 100","https://packrift.com/products/14x17-clear-view-poly-mailers-self-seal-tear-resistant-case-of-100","10","10",""
"CV1419","shopify_ZZ_15061141815664_53443340337520","mailers","14.5x19"" Clear View Poly Mailers - Self-Seal Tear-Resistant, Case of 100","https://packrift.com/products/14-5x19-clear-view-poly-mailers-self-seal-tear-resistant-case-of-100","10","10",""
"CV57","shopify_ZZ_15061141356912_53443291087216","mailers","5x7 Clear View Poly Mailers, 2.5 Mil Self-Seal, 100 Pack","https://packrift.com/products/5x7-clear-view-poly-mailers-2-5-mil-self-seal-100-pack","10","10",""
"CV69","shopify_ZZ_15061141455216_53443299311984","mailers","6x9"" Clear View Poly Mailers 2.5 Mil Self-Seal - Case of 100","https://packrift.com/products/6x9-clear-view-poly-mailers-2-5-mil-self-seal-case-of-100","10","10",""
"CV912","shopify_ZZ_15061141881200_53443340370288","mailers","9x12"" Clear View Poly Mailers, 2.5 Mil Self-Seal, Case of 500","https://packrift.com/products/9x12-clear-view-poly-mailers-2-5-mil-self-seal-case-of-500","10","10",""
"CV912100PK","shopify_ZZ_15061141553520_53443307569520","mailers","9x12"" Clear View Poly Mailers, 2.5 Mil Self-Seal, 100/Case","https://packrift.com/products/9x12-clear-view-poly-mailers-2-5-mil-self-seal-100-case","10","10",""
"DGB10106W","shopify_ZZ_15061665874288_53472976241008","boxes","10x10x6 White Chipboard Gift Box Bottoms - Case of 50","https://packrift.com/products/10x10x6-white-chipboard-gift-box-bottoms-case-of-50","10","10",""
"DGB12126W","shopify_ZZ_15061665907056_53472976273776","boxes","12x12x6 White Chipboard Gift Box Bottoms - High-Gloss Presentation, Case of 50","https://packrift.com/products/12x12x6-white-chipboard-gift-box-bottoms-high-gloss-presentation-case-of-50","10","10",""
"DGB14143W","shopify_ZZ_15061665939824_53472976306544","boxes","14x14x3"" White Chipboard Gift Box Bottoms - High-Gloss Presentation, Case of 50","https://packrift.com/products/14x14x3-white-chipboard-gift-box-bottoms-high-gloss-presentation-case-of-50","10","10",""
"DGB14146W","shopify_ZZ_15061666005360_53472976339312","boxes","14x14x6 White Chipboard Gift Box Bottoms - Flat Ship, Case of 50","https://packrift.com/products/14x14x6-white-chipboard-gift-box-bottoms-flat-ship-case-of-50","10","10",""
"DGB19126W","shopify_ZZ_15061666070896_53472976568688","boxes","19x12x6 White Chipboard Gift Box Bottoms - High-Gloss Presentation, Case of 50","https://packrift.com/products/19x12x6-white-chipboard-gift-box-bottoms-high-gloss-presentation-case-of-50","10","10",""
"DGB443W","shopify_ZZ_15061665612144_53472975978864","boxes","4x4x3"" White Chipboard Gift Box Bottoms - Flat-Ship Design, Case of 50","https://packrift.com/products/4x4x3-white-chipboard-gift-box-bottoms-flat-ship-design-case-of-50","10","10",""
"DGB663W","shopify_ZZ_15061665710448_53472976077168","boxes","6x6x3 White Chipboard Gift Box Bottoms - High-Gloss Presentation, Case of 50","https://packrift.com/products/6x6x3-white-chipboard-gift-box-bottoms-high-gloss-presentation-case-of-50","10","10",""
"DGB666W","shopify_ZZ_15061665743216_53472976109936","boxes","6x6x6 White Chipboard Gift Box Bottoms - Flat-Ship Design, Case of 50","https://packrift.com/products/6x6x6-white-chipboard-gift-box-bottoms-flat-ship-design-case-of-50","10","10",""
"DGBL1010W","shopify_ZZ_15061666169200_53472976732528","boxes","10x10"" White Fibreboard Deluxe Gift Box Lids - Premium Strength, Case of 50","https://packrift.com/products/10x10-white-fibreboard-deluxe-gift-box-lids-premium-strength-case-of-50","10","10",""
"DGBL1212W","shopify_ZZ_15061666234736_53472976798064","boxes","12x12"" White Fibreboard Deluxe Gift Box Lids - Premium Strength, Case of 50","https://packrift.com/products/12x12-white-fibreboard-deluxe-gift-box-lids-premium-strength-case-of-50","10","10",""
"DGBL1414W","shopify_ZZ_15061666267504_53472976830832","boxes","14x14"" White Fibreboard Deluxe Gift Box Lids - Premium Strength, Case of 50","https://packrift.com/products/14x14-white-fibreboard-deluxe-gift-box-lids-premium-strength-case-of-50","10","10",""
"DGBL66W","shopify_ZZ_15061666136432_53472976699760","boxes","6x6"" White Fibreboard Gift Box Lids - Deluxe High-Gloss Finish, Case of 50","https://packrift.com/products/6x6-white-fibreboard-gift-box-lids-deluxe-high-gloss-finish-case-of-50","10","10",""
"DK3M1101PK","shopify_ZZ_15061042889072_53435717419376","tape","1"" x 4.9 yds Clear 3M Dual Lock MP3560 Fasteners - Heavy Duty Reclosable, Mini Pack","https://packrift.com/products/1-x-4-9-yds-clear-3m-dual-lock-mp3560-fasteners-heavy-duty-reclosable-mini-pack","8","10","details_3_plus|pack_count_signal"
"DK3M127","shopify_ZZ_15061066088816_53436818686320","tape","1"" x 150' Black 3M Dual Lock Fasteners - Reusable Hook Loop, Case of 1","https://packrift.com/products/1-x-150-black-3m-dual-lock-fasteners-reusable-hook-loop-case-of-1","8","10","details_3_plus|pack_count_signal"
"DK3M160","shopify_ZZ_15062257074544_53475248308592","tape","1"" x 150' White Nylon Hook and Loop Tape - High-Performance Bonding","https://packrift.com/products/1-x-150-white-nylon-hook-and-loop-tape-high-performance-bonding","8","10","details_3_plus|pack_count_signal"
"DL1058","shopify_ZZ_15061747106160_53473268695408","labels","2x3"" Fragile Glass Handle With Care Labels - Semi-Gloss Red/White, Roll of 500","https://packrift.com/products/2x3-fragile-glass-handle-with-care-labels-semi-gloss-red-white-roll-of-500","9","10","pack_count_signal"
"DL1066","shopify_ZZ_15061747237232_53473268826480","labels","2x3"" Fragile Glass Handle Care Labels - Semi-Gloss Red/White, 500/Roll","https://packrift.com/products/2x3-fragile-glass-handle-care-labels-semi-gloss-red-white-500-roll","10","10",""
"DL1075","shopify_ZZ_15061740093808_53473255948656","labels","2x3"" Fluorescent Red Fragile Labels, Semi-Gloss - Roll of 500","https://packrift.com/products/2x3-fluorescent-red-fragile-labels-semi-gloss-roll-of-500","9","10","pack_count_signal"
"DL1087","shopify_ZZ_15060968800624_53431018160496","labels","3x5 Fluorescent Red Do Not Bend Labels - Semi-Gloss 500/Roll","https://packrift.com/products/3x5-fluorescent-red-do-not-bend-labels-semi-gloss-500-roll","9","10","details_3_plus"
"DL1088","shopify_ZZ_15060968702320_53431018062192","labels","3x5"" Fluorescent Red Do Not Lay Flat Labels - 500/Roll Semi-Gloss","https://packrift.com/products/3x5-fluorescent-red-do-not-lay-flat-labels-500-roll-semi-gloss","9","10","details_3_plus"
"DL1091","shopify_ZZ_15061096792432_53439499764080","labels","3x5"" Fluorescent Red Bilingual Fragile Labels, Semi-Gloss, Roll of 500","https://packrift.com/products/3x5-fluorescent-red-bilingual-fragile-labels-semi-gloss-roll-of-500","8","10","details_3_plus|pack_count_signal"
"DL1096","shopify_ZZ_15060968046960_53431017406832","labels","3x5 Fluorescent Yellow Do Not Double Stack Labels - 500/Roll","https://packrift.com/products/3x5-fluorescent-yellow-do-not-double-stack-labels-500-roll","9","10","details_3_plus"
"DL1101","shopify_ZZ_15062054699376_53474380349808","labels","8x10"" Fluorescent Red ""Do Not Break Down Skid"" Labels - 250/Roll","https://packrift.com/products/8x10-fluorescent-red-do-not-break-down-skid-labels-250-roll","10","10",""
"DL1103","shopify_ZZ_15062054797680_53474380480880","labels","8x10"" Fluorescent Green Do Not Break Labels - Semi-Gloss, Roll of 250","https://packrift.com/products/8x10-fluorescent-green-do-not-break-labels-semi-gloss-roll-of-250","9","10","pack_count_signal"
"DL1110","shopify_ZZ_15060972306800_53431023206768","labels","3x5"" Fluorescent Red Mixed Load Labels, 500/Roll - International Compliance","https://packrift.com/products/3x5-fluorescent-red-mixed-load-labels-500-roll-international-compliance","9","10","details_3_plus"
"DL1112","shopify_ZZ_15060972077424_53431022911856","labels","3x5"" Fluorescent Green Special Handling Labels - 500/Roll","https://packrift.com/products/3x5-fluorescent-green-special-handling-labels-500-roll","9","10","details_3_plus"
"DL1115","shopify_ZZ_15061142569328_53443406659952","labels","3x5"" Fluorescent Yellow Keep Refrigerated Labels - Semi-Gloss, Roll of 500","https://packrift.com/products/3x5-fluorescent-yellow-keep-refrigerated-labels-semi-gloss-roll-of-500","8","10","details_3_plus|pack_count_signal"
"DL1122","shopify_ZZ_15062280307056_53475308732784","labels","3x5"" Fluorescent Yellow Export Labels - Semi-Gloss, Roll of 500","https://packrift.com/products/3x5-fluorescent-yellow-export-labels-semi-gloss-roll-of-500","9","10","pack_count_signal"
"DL1133","shopify_ZZ_15062149857648_53474545828208","labels","2x3"" Fluorescent Yellow Pre-Printed Move To Stock Labels - Roll of 500","https://packrift.com/products/2x3-fluorescent-yellow-pre-printed-move-to-stock-labels-roll-of-500","9","10","pack_count_signal"
"DL1149","shopify_ZZ_15062150840688_53474547827056","labels","2x3"" Fluorescent Red Trash Labels, High-Gloss Paper, 500/Roll","https://packrift.com/products/2x3-fluorescent-red-trash-labels-high-gloss-paper-500-roll","10","10",""
"DL1152","shopify_ZZ_15062157885808_53474591965552","labels","1.25"" x 2"" Fluorescent Red Rejected By Labels - 500/Roll","https://packrift.com/products/1-25-x-2-fluorescent-red-rejected-by-labels-500-roll","10","10",""
"DL1159","shopify_ZZ_15062158049648_53474592358768","labels","1.25"" x 2"" Fluorescent Green Production Labels - 500/Roll","https://packrift.com/products/1-25-x-2-fluorescent-green-production-labels-500-roll","10","10",""
"DL1164","shopify_ZZ_15062158803312_53474593931632","labels","3x5"" Fluorescent Green ""Inspected"" Labels - Semi-Gloss - 500/Roll","https://packrift.com/products/3x5-fluorescent-green-inspected-labels-semi-gloss-500-roll","10","10",""
"DL1167","shopify_ZZ_15062158246256_53474592719216","labels","1.25"" x 2"" Fluorescent Yellow Shipping Labels, 500/Roll - High-Visibility Carton Marking","https://packrift.com/products/1-25-x-2-fluorescent-yellow-shipping-labels-500-roll-high-visibility-carton-marking","10","10",""
"DL1168","shopify_ZZ_15062158836080_53474593997168","labels","3x5"" Fluorescent Yellow Semi-Gloss Production Labels - 500/Roll","https://packrift.com/products/3x5-fluorescent-yellow-semi-gloss-production-labels-500-roll","10","10",""
"DL1179","shopify_ZZ_15062158541168_53474593341808","labels","1.25 x 2"" Fluorescent Green ""Accepted By"" Labels - Semi-Gloss, Roll of 500","https://packrift.com/products/1-25-x-2-fluorescent-green-accepted-by-labels-semi-gloss-roll-of-500","9","10","pack_count_signal"
"DL1180","shopify_ZZ_15060970570096_53431020618096","labels","4x4 Packing Slip Inside Labels - Semi-Gloss Red/White, Roll of 500","https://packrift.com/products/4x4-packing-slip-inside-labels-semi-gloss-red-white-roll-of-500","9","10","details_3_plus"
"DL1187","shopify_ZZ_15062279455088_53475306897776","labels","4x6"" Fluorescent Red Fragile Handle With Care Labels - 500/Roll","https://packrift.com/products/4x6-fluorescent-red-fragile-handle-with-care-labels-500-roll","10","10",""
"DL1190","shopify_ZZ_15062279618928_53475307159920","labels","4x6"" Fluorescent Red Fragile Labels, Semi-Gloss Paper, Roll of 500","https://packrift.com/products/4x6-fluorescent-red-fragile-labels-semi-gloss-paper-roll-of-500","9","10","pack_count_signal"
"DL1200","shopify_ZZ_15060975583600_53431027007856","labels","3x5 Semi-Gloss Handle With Care Rush Labels - 500/Roll","https://packrift.com/products/3x5-semi-gloss-handle-with-care-rush-labels-500-roll","9","10","details_3_plus"
"DL1201","shopify_ZZ_15062279192944_53475306471792","labels","3x5"" Fluorescent Red Glass Fragile Labels - 500/Roll Semi-Gloss","https://packrift.com/products/3x5-fluorescent-red-glass-fragile-labels-500-roll-semi-gloss","10","10",""
"DL1209","shopify_ZZ_15060969619824_53431019569520","labels","2x3"" Fluorescent Yellow Instructions Enclosed Labels - Semi-Gloss, Roll of 500","https://packrift.com/products/2x3-fluorescent-yellow-instructions-enclosed-labels-semi-gloss-roll-of-500","9","10","details_3_plus"
"DL1218","shopify_ZZ_15062172795248_53474689974640","labels","3x5"" Fluorescent Yellow Signature Required Labels - 500/Roll Semi-Gloss","https://packrift.com/products/3x5-fluorescent-yellow-signature-required-labels-500-roll-semi-gloss","10","10",""
"DL1219","shopify_ZZ_15062172565872_53474686894448","labels","3x5"" Fluorescent Red Inspect For Damage Labels - 500/Roll Semi-Gloss","https://packrift.com/products/3x5-fluorescent-red-inspect-for-damage-labels-500-roll-semi-gloss","10","10",""
"DL1231","shopify_ZZ_15062055223664_53474381169008","labels","8x10"" Attention Carrier Labels - Semi-Gloss Red/White Pallet Protection, Roll of 250","https://packrift.com/products/8x10-attention-carrier-labels-semi-gloss-red-white-pallet-protection-roll-of-250","9","10","pack_count_signal"
"DL1235","shopify_ZZ_15061103378800_53439995773296","labels","1"" Fluorescent Circle Labels - 5000 Pack, 5 Colors, Paper Inventory","https://packrift.com/products/1-fluorescent-circle-labels-5000-pack-5-colors-paper-inventory","10","10",""
"DL1239","shopify_ZZ_15061678162288_53473012875632","labels","2"" Circle Paper Month Labels - 12-Roll Inventory Pack","https://packrift.com/products/2-circle-paper-month-labels-12-roll-inventory-pack","10","10",""
"DL1241","shopify_ZZ_15061173404016_53444758241648","labels","1"" x 1.5"" Consecutive Numbered Labels - 500/Roll Black Paper","https://packrift.com/products/1-x-1-5-consecutive-numbered-labels-500-roll-black-paper","9","10","details_3_plus"
"DL1242","shopify_ZZ_15061173535088_53444758372720","labels","1"" x 1.5"" Consecutive Numbered Labels - 500/Roll Black on White","https://packrift.com/products/1-x-1-5-consecutive-numbered-labels-500-roll-black-on-white","9","10","details_3_plus"
"DL1260","shopify_ZZ_15062154445168_53474555036016","labels","2"" Circle Fluorescent Green ""OK to Ship"" Labels - 500/Roll Paper","https://packrift.com/products/2-circle-fluorescent-green-ok-to-ship-labels-500-roll-paper","9","10","dimension_signal"
"DL1261","shopify_ZZ_15062154477936_53474555101552","labels","2"" Circle Blue ""OK To Ship"" Pre-Printed Labels, Roll of 500","https://packrift.com/products/2-circle-blue-ok-to-ship-pre-printed-labels-roll-of-500","7","10","highlights_2_plus|dimension_signal|pack_count_signal"
"DL1267","shopify_ZZ_15062154674544_53474555756912","labels","2"" Fluorescent Yellow Circle Inventory Labels - 500/Roll Box Count","https://packrift.com/products/2-fluorescent-yellow-circle-inventory-labels-500-roll-box-count","9","10","dimension_signal"
"DL1274","shopify_ZZ_15062155460976_53474578989424","labels","2"" Fluorescent Orange Circle Labels, High Gloss Paper, Roll of 500","https://packrift.com/products/2-fluorescent-orange-circle-labels-high-gloss-paper-roll-of-500","7","10","highlights_2_plus|dimension_signal|pack_count_signal"
"DL1280","shopify_ZZ_15062150906224_53474548023664","labels","1.5"" x 4"" Fluorescent Yellow Arrow Labels - 500/Roll High Gloss Paper","https://packrift.com/products/1-5-x-4-fluorescent-yellow-arrow-labels-500-roll-high-gloss-paper","10","10",""
"DL1286","shopify_ZZ_15062231318896_53475175203184","labels","4x4"" DOT Hazmat Labels - Semi-Gloss Coated Paper, 500/Roll","https://packrift.com/products/4x4-dot-hazmat-labels-semi-gloss-coated-paper-500-roll","10","10",""
"DL1287","shopify_ZZ_15062230925680_53475172811120","labels","2x2"" GHS Hazard Labels - Semi-Gloss Fire Health Reactivity, 500/Roll","https://packrift.com/products/2x2-ghs-hazard-labels-semi-gloss-fire-health-reactivity-500-roll","10","10",""
"DL1288","shopify_ZZ_15062231351664_53475175268720","labels","4x4"" DOT Hazard Diamond Labels - Semi-Gloss Paper, 500/Roll","https://packrift.com/products/4x4-dot-hazard-diamond-labels-semi-gloss-paper-500-roll","10","10",""
"DL1296","shopify_ZZ_15062231581040_53475175694704","labels","4.25x4.25"" Y Regulated Labels Semi-Gloss - DOT/IMDG Compliant, 500/Roll","https://packrift.com/products/4-25x4-25-y-regulated-labels-semi-gloss-dot-imdg-compliant-500-roll","10","10",""
"DL1298","shopify_ZZ_15062231712112_53475175891312","labels","6x6"" Semi-Gloss Coated Empty Labels - DOT/Hazmat Compliance, 500/Roll","https://packrift.com/products/6x6-semi-gloss-coated-empty-labels-dot-hazmat-compliance-500-roll","10","10",""
"DL1302","shopify_ZZ_15062410822000_53475920740720","labels","6x6"" Non-Hazardous Waste Labels - Green/White, 500/Roll","https://packrift.com/products/6x6-non-hazardous-waste-labels-green-white-500-roll","10","10",""
"DL1308","shopify_ZZ_15061664858480_53472967229808","labels","2x3"" Delicate Instruments Labels - Semi-Gloss Fragile Stickers, Roll of 500","https://packrift.com/products/2x3-delicate-instruments-labels-semi-gloss-fragile-stickers-roll-of-500","8","10","details_3_plus|pack_count_signal"
"DL1310","shopify_ZZ_15061673443696_53473000259952","labels","3"" Green Recycle Circle Labels, High Gloss Paper - Roll of 500","https://packrift.com/products/3-green-recycle-circle-labels-high-gloss-paper-roll-of-500","8","10","highlights_2_plus|pack_count_signal"
"DL1314","shopify_ZZ_15060967096688_53431014195568","labels","2x3"" Don't Drop Don't Crush Electronic Material Labels - 500/Roll Semi-Gloss","https://packrift.com/products/2x3-dont-drop-dont-crush-electronic-material-labels-500-roll-semi-gloss","9","10","details_3_plus"
"DL1316","shopify_ZZ_15061743370608_53473262010736","labels","2x2"" Fragile Labels Semi-Gloss Red/White - Roll of 500","https://packrift.com/products/2x2-fragile-labels-semi-gloss-red-white-roll-of-500","9","10","pack_count_signal"
"DL1317","shopify_ZZ_15062053945712_53474379399536","labels","4x6"" Fluorescent Red Do Not Double Stack Labels - 500/Roll","https://packrift.com/products/4x6-fluorescent-red-do-not-double-stack-labels-500-roll","10","10",""
"DL1319","shopify_ZZ_15061096890736_53439516115312","labels","3x5"" Fluorescent Green Bilingual Shipping Labels - 500/Roll Semi-Gloss","https://packrift.com/products/3x5-fluorescent-green-bilingual-shipping-labels-500-roll-semi-gloss","9","10","details_3_plus"
"DL1323","shopify_ZZ_15060970537328_53431020585328","labels","3x5 Fluorescent Yellow ""Additional Parts Inside"" Labels - 500/Roll","https://packrift.com/products/3x5-fluorescent-yellow-additional-parts-inside-labels-500-roll","9","10","details_3_plus"
"DL1336","shopify_ZZ_15060975452528_53431026876784","labels","2x3"" Fluorescent Green Rush Medication Labels - 500/Roll Semi-Gloss","https://packrift.com/products/2x3-fluorescent-green-rush-medication-labels-500-roll-semi-gloss","9","10","details_3_plus"
"DL1338","shopify_ZZ_15060975681904_53431027106160","labels","4x4"" Fluorescent Green Rush Medication Labels, 500/Roll - International Compliance","https://packrift.com/products/4x4-fluorescent-green-rush-medication-labels-500-roll-international-compliance","9","10","details_3_plus"
"DL1339","shopify_ZZ_15062022160752_53474339520880","labels","3"" Circle Dark Blue Number Labels Paper - 500/Roll Inventory Identification","https://packrift.com/products/3-circle-dark-blue-number-labels-paper-500-roll-inventory-identification","9","10","dimension_signal"
"DL1341","shopify_ZZ_15062022324592_53474339684720","labels","3"" Fluorescent Green Circle Number Labels - High-Gloss Paper, 500/Roll","https://packrift.com/products/3-fluorescent-green-circle-number-labels-high-gloss-paper-500-roll","9","10","dimension_signal"
"DL1345","shopify_ZZ_15062022914416_53474340241776","labels","3"" Fluorescent Yellow Circle Number Labels, 500/Roll - High-Visibility Inventory","https://packrift.com/products/3-fluorescent-yellow-circle-number-labels-500-roll-high-visibility-inventory","9","10","dimension_signal"
"DL1350","shopify_ZZ_15061665186160_53472967590256","labels","3x5"" Delicate Instruments Labels Semi-Gloss Red/White - Roll of 500","https://packrift.com/products/3x5-delicate-instruments-labels-semi-gloss-red-white-roll-of-500","8","10","details_3_plus|pack_count_signal"
"DL1367","shopify_ZZ_15060975157616_53431026581872","labels","1.25x2 Fluorescent Red Rush Labels - Semi-Gloss Paper, 500/Roll","https://packrift.com/products/1-25x2-fluorescent-red-rush-labels-semi-gloss-paper-500-roll","9","10","details_3_plus"
"DL1370","shopify_ZZ_15060976304496_53431027859824","labels","3x5"" Top Load Only Labels Semi-Gloss Red/White 500/Roll","https://packrift.com/products/3x5-top-load-only-labels-semi-gloss-red-white-500-roll","9","10","details_3_plus"
"DL1374","shopify_ZZ_15061075329392_53437408215408","labels","3x6 DOT Overpack Labels Semi-Gloss Red/White - 500/Roll","https://packrift.com/products/3x6-dot-overpack-labels-semi-gloss-red-white-500-roll","9","10","details_3_plus"
"DL1376","shopify_ZZ_15061075394928_53437424566640","labels","4x4"" Rush AOG Aircraft On Ground Labels - Semi-Gloss Paper, Roll of 500","https://packrift.com/products/4x4-rush-aog-aircraft-on-ground-labels-semi-gloss-paper-roll-of-500","8","10","details_3_plus|pack_count_signal"
"DL1380","shopify_ZZ_15060967915888_53431017275760","labels","3x5 Don't Crush Labels, Semi-Gloss Red/White, Roll of 500 - International Compliance","https://packrift.com/products/3x5-dont-crush-labels-semi-gloss-red-white-roll-of-500-international-compliance","9","10","details_3_plus"
"DL1384K","shopify_ZZ_15061116846448_53441136394608","labels","4x6 Kraft Block Out Labels - Hide Markings, 500/Roll","https://packrift.com/products/4x6-kraft-block-out-labels-hide-markings-500-roll","9","10","details_3_plus"
"DL1388FR","shopify_ZZ_15062233022832_53475188212080","labels","3/4"" Fluorescent Red Removable Circle Labels - 500/Roll","https://packrift.com/products/3-4-fluorescent-red-removable-circle-labels-500-roll","9","10","dimension_signal"
"DL1388FY","shopify_ZZ_15062232924528_53475188015472","labels","3/4"" Fluorescent Yellow Removable Labels - 500/Roll Paper Circles","https://packrift.com/products/3-4-fluorescent-yellow-removable-labels-500-roll-paper-circles","9","10","dimension_signal"
"DL1388WH","shopify_ZZ_15062232334704_53475177038192","labels","3/4"" White Removable Circle Labels - Paper Adhesive Inventory Stickers, Roll of 500","https://packrift.com/products/3-4-white-removable-circle-labels-paper-adhesive-inventory-stickers-roll-of-500","7","10","highlights_2_plus|dimension_signal|pack_count_signal"
"DL1389FY","shopify_ZZ_15062233317744_53475188736368","labels","1"" Fluorescent Yellow Removable Circle Labels, 500/Roll - Easy-to-Write Inventory Coding","https://packrift.com/products/1-fluorescent-yellow-removable-circle-labels-500-roll-easy-to-write-inventory-coding","9","10","dimension_signal"
"DL1390FY","shopify_ZZ_15062233776496_53475189653872","labels","2"" Fluorescent Yellow Removable Circle Labels, Paper, 500/Roll","https://packrift.com/products/2-fluorescent-yellow-removable-circle-labels-paper-500-roll","9","10","dimension_signal"
"DL1395","shopify_ZZ_15061075558768_53437440983408","labels","4 3/8 x 4 3/4"" Cargo Aircraft Only Labels - DOT Compliance, 500/Roll","https://packrift.com/products/4-3-8-x-4-3-4-cargo-aircraft-only-labels-dot-compliance-500-roll","9","10","details_3_plus"
"DL1410","shopify_ZZ_15061090861424_53438873567600","labels","3x4"" Fluorescent Green Up Arrow Labels - Semi-Gloss Paper, Roll of 500","https://packrift.com/products/3x4-fluorescent-green-up-arrow-labels-semi-gloss-paper-roll-of-500","8","10","details_3_plus|pack_count_signal"
"DL1460","shopify_ZZ_15061665218928_53472967623024","labels","3x5"" Delicate Instruments Shipping Labels - Semi-Gloss, 500/Roll","https://packrift.com/products/3x5-delicate-instruments-shipping-labels-semi-gloss-500-roll","9","10","details_3_plus"
"DL1480","shopify_ZZ_15061091352944_53438922817904","labels","4x6 Red/White Arrow Labels Semi-Gloss - 500/Roll Directional Shipping","https://packrift.com/products/4x6-red-white-arrow-labels-semi-gloss-500-roll-directional-shipping","9","10","details_3_plus"
"DL1491CL","shopify_ZZ_15062233416048_53475188932976","labels","1.5"" Clear Removable Circle Labels - Paper, 500/Roll","https://packrift.com/products/1-5-clear-removable-circle-labels-paper-500-roll","9","10","dimension_signal"
"DL1500","shopify_ZZ_15061090959728_53438889918832","labels","3x4.25"" Up Arrow Shipping Labels - Semi-Gloss Paper, 500/Roll","https://packrift.com/products/3x4-25-up-arrow-shipping-labels-semi-gloss-paper-500-roll","9","10","details_3_plus"
"DL1580","shopify_ZZ_15061748187504_53473276920176","labels","4x6 Fragile Liquid Labels Semi-Gloss Coated Paper 500/Roll","https://packrift.com/products/4x6-fragile-liquid-labels-semi-gloss-coated-paper-500-roll","10","10",""
"DL1610","shopify_ZZ_15062279782768_53475307618672","labels","2x3"" Fluorescent Yellow Caution Heavy Labels - 500/Roll High Gloss","https://packrift.com/products/2x3-fluorescent-yellow-caution-heavy-labels-500-roll-high-gloss","10","10",""
"DL1621","shopify_ZZ_15060971782512_53431022616944","labels","2x3"" Fluorescent Red Mixed Merchandise Labels - 500/Roll High Gloss Paper","https://packrift.com/products/2x3-fluorescent-red-mixed-merchandise-labels-500-roll-high-gloss-paper","9","10","details_3_plus"
"DL1623","shopify_ZZ_15060971848048_53431022682480","labels","2x3"" Fluorescent Yellow Mixed Parts Labels, 500/Roll - International Compliance","https://packrift.com/products/2x3-fluorescent-yellow-mixed-parts-labels-500-roll-international-compliance","9","10","details_3_plus"
"DL1625","shopify_ZZ_15060969685360_53431019635056","labels","2x3"" Fluorescent Green Small Parts Enclosed Labels - 500/Roll Paper","https://packrift.com/products/2x3-fluorescent-green-small-parts-enclosed-labels-500-roll-paper","9","10","details_3_plus"
"DL1634","shopify_ZZ_15060977484144_53431029498224","labels","8x10 Fluorescent Red Top Load Only Labels, 250/Roll - International Compliance","https://packrift.com/products/8x10-fluorescent-red-top-load-only-labels-250-roll-international-compliance","9","10","details_3_plus"
"DL1690","shopify_ZZ_15060975386992_53431026811248","labels","2x3"" Fluorescent Red Rush Labels Semi-Gloss 500/Roll International","https://packrift.com/products/2x3-fluorescent-red-rush-labels-semi-gloss-500-roll-international","9","10","details_3_plus"
"DL2152","shopify_ZZ_15061775483248_53473326596464","labels","3x4"" Keep Dry Fragile Labels - International Compliance, 500/Roll","https://packrift.com/products/3x4-keep-dry-fragile-labels-international-compliance-500-roll","10","10",""
"DL2341","shopify_ZZ_15060968407408_53431017767280","labels","3x5"" Fluorescent Yellow ""Do Not Drop"" Labels - Semi-Gloss, Roll of 500","https://packrift.com/products/3x5-fluorescent-yellow-do-not-drop-labels-semi-gloss-roll-of-500","9","10","details_3_plus"
"DL2441","shopify_ZZ_15062278963568_53475305947504","labels","3x5 Fluorescent Yellow Fragile Electronic Equipment Labels - 500/Roll","https://packrift.com/products/3x5-fluorescent-yellow-fragile-electronic-equipment-labels-500-roll","10","10",""
"DL2461","shopify_ZZ_15060968538480_53431017898352","labels","3x5"" Fluorescent Red Magnetic Media Do Not X-Ray Labels - 500/Roll","https://packrift.com/products/3x5-fluorescent-red-magnetic-media-do-not-x-ray-labels-500-roll","9","10","details_3_plus"
"DL2661","shopify_ZZ_15060977451376_53431029465456","labels","3x5 Fluorescent Red Top Load Labels - International Compliance, 500/Roll","https://packrift.com/products/3x5-fluorescent-red-top-load-labels-international-compliance-500-roll","9","10","details_3_plus"
"DL2811","shopify_ZZ_15062173843824_53474698297712","labels","3x5"" Fluorescent Green ""Sign Here"" Labels - Semi-Gloss, Roll of 500","https://packrift.com/products/3x5-fluorescent-green-sign-here-labels-semi-gloss-roll-of-500","9","10","pack_count_signal"
"DL3031","shopify_ZZ_15061096628592_53439483347312","labels","3x5"" Fluorescent Red Bilingual No Romper Labels - 500/Roll","https://packrift.com/products/3x5-fluorescent-red-bilingual-no-romper-labels-500-roll","9","10","details_3_plus"
"DL3111","shopify_ZZ_15062040248688_53474360557936","labels","3"" x 10"" Fluorescent Red Pallet Corner Labels - 500/Roll","https://packrift.com/products/3-x-10-fluorescent-red-pallet-corner-labels-500-roll","10","10",""
"DL3173","shopify_ZZ_15062052929904_53474377564528","labels","2"" x 5"" Fluorescent Green Pallet Labels - Do Not Remove - 500/Roll","https://packrift.com/products/2-x-5-fluorescent-green-pallet-labels-do-not-remove-500-roll","10","10",""
"DL3193","shopify_ZZ_15060975616368_53431027040624","labels","4x4"" Hot Rush Labels Semi-Gloss Red/White - Roll of 500","https://packrift.com/products/4x4-hot-rush-labels-semi-gloss-red-white-roll-of-500","8","10","details_3_plus|pack_count_signal"
"DL3571","shopify_ZZ_15061739536752_53473252999536","labels","2x3"" Fluorescent Red COD Shipping Labels - 500/Roll Semi-Gloss","https://packrift.com/products/2x3-fluorescent-red-cod-shipping-labels-500-roll-semi-gloss","10","10",""
"DL3581","shopify_ZZ_15061739569520_53473253032304","labels","2x3"" Fluorescent Red ""Do Not Bend"" Labels - Semi-Gloss Paper, Roll of 500","https://packrift.com/products/2x3-fluorescent-red-do-not-bend-labels-semi-gloss-paper-roll-of-500","9","10","pack_count_signal"
"DL4144","shopify_ZZ_15062069281136_53474400436592","labels","1"" x 1"" Corrosion Pictogram Labels - DOT Compliance, 500/Roll","https://packrift.com/products/1-x-1-corrosion-pictogram-labels-dot-compliance-500-roll","10","10",""
"DL4243","shopify_ZZ_15062069772656_53474401681776","labels","2"" x 2"" Gas Cylinder Pictogram Labels - D.O.T. Compliant, 500/Roll","https://packrift.com/products/2-x-2-gas-cylinder-pictogram-labels-d-o-t-compliant-500-roll","10","10",""
"DL5031","shopify_ZZ_15061662794096_53472948126064","labels","4x4"" Explosive 1.4C D.O.T. Hazard Labels - Semi-Gloss Paper, Roll of 500","https://packrift.com/products/4x4-explosive-1-4c-d-o-t-hazard-labels-semi-gloss-paper-roll-of-500","8","10","details_3_plus|pack_count_signal"
"DL5080","shopify_ZZ_15061662925168_53472948453744","labels","4x4"" DOT Oxygen-2 Hazard Labels, Semi-Gloss, Roll of 500","https://packrift.com/products/4x4-dot-oxygen-2-hazard-labels-semi-gloss-roll-of-500","8","10","details_3_plus|pack_count_signal"
"DL5090","shopify_ZZ_15061662630256_53472947962224","labels","4x4"" Class 1.4 Explosive DOT Hazard Labels - 500/Roll Semi-Gloss","https://packrift.com/products/4x4-class-1-4-explosive-dot-hazard-labels-500-roll-semi-gloss","9","10","details_3_plus"
"DL5100","shopify_ZZ_15061662990704_53472948584816","labels","4x4"" Non-Flammable Gas DOT Hazard Labels, Semi-Gloss, 500/Roll","https://packrift.com/products/4x4-non-flammable-gas-dot-hazard-labels-semi-gloss-500-roll","9","10","details_3_plus"
"DL5120","shopify_ZZ_15061663056240_53472948650352","labels","4x4"" Flammable Liquids Class 3 D.O.T. Hazard Labels - 500/Roll","https://packrift.com/products/4x4-flammable-liquids-class-3-d-o-t-hazard-labels-500-roll","9","10","details_3_plus"
"DL5140","shopify_ZZ_15061663121776_53472948715888","labels","4x4"" Spontaneously Combustible DOT Hazard Labels - Semi-Gloss, Roll of 500","https://packrift.com/products/4x4-spontaneously-combustible-dot-hazard-labels-semi-gloss-roll-of-500","8","10","details_3_plus|pack_count_signal"
"DL5154","shopify_ZZ_15061774958960_53473326072176","labels","2x3"" This End Up Labels - Red/White Semi-Gloss, Roll of 500","https://packrift.com/products/2x3-this-end-up-labels-red-white-semi-gloss-roll-of-500","9","10","pack_count_signal"
"DL5181","shopify_ZZ_15061663449456_53472957006192","labels","4x4"" D.O.T. Toxic Hazard Labels - Semi-Gloss Paper, Roll of 500","https://packrift.com/products/4x4-d-o-t-toxic-hazard-labels-semi-gloss-paper-roll-of-500","8","10","details_3_plus|pack_count_signal"
"DL518P2","shopify_ZZ_15062149235056_53474532983152","labels","4x4 3/4"" ENV HAZ SUB Liquid D.O.T Labels - Semi-Gloss, Roll of 500","https://packrift.com/products/4x4-3-4-env-haz-sub-liquid-d-o-t-labels-semi-gloss-roll-of-500","9","10","pack_count_signal"
"DL519P2","shopify_ZZ_15062149726576_53474545467760","labels","4x4.75"" Lithium Ion Battery D.O.T Labels - Semi-Gloss Paper, Roll of 500","https://packrift.com/products/4x4-75-lithium-ion-battery-d-o-t-labels-semi-gloss-paper-roll-of-500","9","10","pack_count_signal"
"DL524P2","shopify_ZZ_15062149169520_53474532786544","labels","4x4.75"" Corrosive Liquids DOT Label - Semi-Gloss Paper, 500/Roll","https://packrift.com/products/4x4-75-corrosive-liquids-dot-label-semi-gloss-paper-500-roll","10","10",""
"DL524P4","shopify_ZZ_15062149202288_53474532884848","labels","4x4.75"" Corrosive Solids DOT Label, Semi-Gloss Paper, 500/Roll","https://packrift.com/products/4x4-75-corrosive-solids-dot-label-semi-gloss-paper-500-roll","10","10",""
"DL5780","shopify_ZZ_15062291022192_53475327181168","labels","4x4"" Flammable Liquid Labels - DOT Compliant Semi-Gloss, 500/Roll","https://packrift.com/products/4x4-flammable-liquid-labels-dot-compliant-semi-gloss-500-roll","10","10",""
"DL610A","shopify_ZZ_15061104558448_53440119538032","labels","3/4"" Red Circle Inventory Labels, Paper, Roll of 500 - Quick ID","https://packrift.com/products/3-4-red-circle-inventory-labels-paper-roll-of-500-quick-id","8","10","highlights_2_plus|pack_count_signal"
"DL610L","shopify_ZZ_15061105312112_53440193462640","labels","3/4"" Fluorescent Yellow Circle Inventory Labels, 500/Roll","https://packrift.com/products/3-4-fluorescent-yellow-circle-inventory-labels-500-roll","10","10",""
"DL611A","shopify_ZZ_15061105377648_53440201654640","labels","1"" Red Paper Inventory Circle Labels - 500/Roll, High-Visibility Item Tracking","https://packrift.com/products/1-red-paper-inventory-circle-labels-500-roll-high-visibility-item-tracking","10","10",""
"DL611C","shopify_ZZ_15061105607024_53440218333552","labels","1"" Light Blue Paper Circle Inventory Labels - 500/Roll","https://packrift.com/products/1-light-blue-paper-circle-inventory-labels-500-roll","10","10",""
"DL611F","shopify_ZZ_15061105869168_53440244547952","labels","1"" Black Paper Circle Inventory Labels - 500/Roll","https://packrift.com/products/1-black-paper-circle-inventory-labels-500-roll","10","10",""
"DL611L","shopify_ZZ_15061106196848_53440285540720","labels","1"" Fluorescent Yellow Circle Inventory Labels, Paper, 500/Roll","https://packrift.com/products/1-fluorescent-yellow-circle-inventory-labels-paper-500-roll","10","10",""
"DL612E","shopify_ZZ_15061106721136_53440359203184","labels","1.5"" White Paper Circle Inventory Labels - 500/Roll","https://packrift.com/products/1-5-white-paper-circle-inventory-labels-500-roll","10","10",""
"DL612G","shopify_ZZ_15061106950512_53440383811952","labels","1.5"" Fluorescent Red Circle Inventory Labels, 500/Roll - High-Visibility Paper Tags","https://packrift.com/products/1-5-fluorescent-red-circle-inventory-labels-500-roll-high-visibility-paper-tags","10","10",""
"DL612L","shopify_ZZ_15061107343728_53440441090416","labels","1.5"" Fluorescent Yellow Paper Circle Inventory Labels - 500/Roll","https://packrift.com/products/1-5-fluorescent-yellow-paper-circle-inventory-labels-500-roll","10","10",""
"DL612M","shopify_ZZ_15061106852208_53440375587184","labels","1.5"" Purple Paper Inventory Circle Labels - 500/Roll","https://packrift.com/products/1-5-purple-paper-inventory-circle-labels-500-roll","10","10",""
"DL613A","shopify_ZZ_15061107442032_53440457441648","labels","2"" Red Circle Inventory Labels Paper Roll 500 - Quick Identification","https://packrift.com/products/2-red-circle-inventory-labels-paper-roll-500-quick-identification","8","10","highlights_2_plus|pack_count_signal"
"DL613K","shopify_ZZ_15061108261232_53440548209008","labels","2"" Fluorescent Pink Circle Inventory Labels - 500/Roll","https://packrift.com/products/2-fluorescent-pink-circle-inventory-labels-500-roll","10","10",""
"DL613L","shopify_ZZ_15061108359536_53440556466544","labels","2"" Fluorescent Yellow Circle Inventory Labels, 500/Roll - High-Visibility Warehouse Organization","https://packrift.com/products/2-fluorescent-yellow-circle-inventory-labels-500-roll-high-visibility-warehouse-organization","10","10",""
"DL614A","shopify_ZZ_15061108490608_53440564724080","labels","3"" Red Paper Circle Inventory Labels - 500/Roll","https://packrift.com/products/3-red-paper-circle-inventory-labels-500-roll","10","10",""
"DL614J","shopify_ZZ_15061109178736_53440654836080","labels","3"" Fluorescent Green Circle Inventory Labels, Paper, Roll of 500","https://packrift.com/products/3-fluorescent-green-circle-inventory-labels-paper-roll-of-500","8","10","highlights_2_plus|pack_count_signal"
"DL614K","shopify_ZZ_15061109211504_53440654868848","labels","3"" Fluorescent Pink Circle Inventory Labels, 500/Roll - High-Visibility Warehouse Organization","https://packrift.com/products/3-fluorescent-pink-circle-inventory-labels-500-roll-high-visibility-warehouse-organization","10","10",""
"DL615B","shopify_ZZ_15061109440880_53440679477616","labels","4"" Dark Blue Paper Circle Inventory Labels - 500/Roll","https://packrift.com/products/4-dark-blue-paper-circle-inventory-labels-500-roll","10","10",""
"DL615C","shopify_ZZ_15061109506416_53440687669616","labels","4"" Light Blue Paper Inventory Circle Labels - 500/Roll","https://packrift.com/products/4-light-blue-paper-inventory-circle-labels-500-roll","10","10",""
"DL615E","shopify_ZZ_15061109670256_53440712212848","labels","4"" White Paper Circle Inventory Labels - 500/Roll","https://packrift.com/products/4-white-paper-circle-inventory-labels-500-roll","10","10",""
"DL615F","shopify_ZZ_15061109768560_53440720470384","labels","4"" Black Paper Circle Inventory Labels - 500/Roll","https://packrift.com/products/4-black-paper-circle-inventory-labels-500-roll","10","10",""
"DL615J","shopify_ZZ_15061110030704_53440753238384","labels","4"" Fluorescent Green Circle Inventory Labels, Paper, Roll of 500","https://packrift.com/products/4-fluorescent-green-circle-inventory-labels-paper-roll-of-500","8","10","highlights_2_plus|pack_count_signal"
"DL615L","shopify_ZZ_15061110227312_53440777814384","labels","4"" Fluorescent Yellow Paper Circle Inventory Labels - 500/Roll","https://packrift.com/products/4-fluorescent-yellow-paper-circle-inventory-labels-500-roll","10","10",""
"DL630J","shopify_ZZ_15061111046512_53440852164976","labels","2x3"" Fluorescent Green Rectangle Inventory Labels - 500/Roll Paper","https://packrift.com/products/2x3-fluorescent-green-rectangle-inventory-labels-500-roll-paper","9","10","details_3_plus"
"DL630K","shopify_ZZ_15061111144816_53440860356976","labels","2x3"" Fluorescent Pink Inventory Rectangle Labels, 500/Roll","https://packrift.com/products/2x3-fluorescent-pink-inventory-rectangle-labels-500-roll","9","10","details_3_plus"
"DL630M","shopify_ZZ_15061110849904_53440827556208","labels","2x3 Purple Inventory Rectangle Labels - 500/Roll Paper Stock","https://packrift.com/products/2x3-purple-inventory-rectangle-labels-500-roll-paper-stock","9","10","details_3_plus"
"DL631J","shopify_ZZ_15061112815984_53441024819568","labels","3x4 Fluorescent Green Rectangle Inventory Labels, 500/Roll","https://packrift.com/products/3x4-fluorescent-green-rectangle-inventory-labels-500-roll","9","10","details_3_plus"
"DL631L","shopify_ZZ_15061112914288_53441024885104","labels","3x4"" Fluorescent Yellow Inventory Labels, 500/Roll - High-Visibility Paper","https://packrift.com/products/3x4-fluorescent-yellow-inventory-labels-500-roll-high-visibility-paper","9","10","details_3_plus"
"DL632A","shopify_ZZ_15061112947056_53441025016176","labels","3x5"" Red Inventory Rectangle Labels, 500/Roll - Easy-Write Paper Labels","https://packrift.com/products/3x5-red-inventory-rectangle-labels-500-roll-easy-write-paper-labels","9","10","details_3_plus"
"DL632K","shopify_ZZ_15061113373040_53441025442160","labels","3x5"" Fluorescent Pink Rectangle Inventory Labels - 500/Roll Paper","https://packrift.com/products/3x5-fluorescent-pink-rectangle-inventory-labels-500-roll-paper","9","10","details_3_plus"
"DL632L","shopify_ZZ_15061113438576_53441025507696","labels","3x5"" Fluorescent Yellow Inventory Labels - 500/Roll Paper Rectangle","https://packrift.com/products/3x5-fluorescent-yellow-inventory-labels-500-roll-paper-rectangle","9","10","details_3_plus"
"DL633F","shopify_ZZ_15061113667952_53441026785648","labels","3x6 Black Inventory Rectangle Labels, 250/Roll - Write-On Paper","https://packrift.com/products/3x6-black-inventory-rectangle-labels-250-roll-write-on-paper","9","10","details_3_plus"
"DL635G","shopify_ZZ_15061114945904_53441028587888","labels","4x6"" Fluorescent Red Inventory Labels, 500/Roll - High-Visibility Paper","https://packrift.com/products/4x6-fluorescent-red-inventory-labels-500-roll-high-visibility-paper","9","10","details_3_plus"
"DL635H","shopify_ZZ_15061115011440_53441028653424","labels","4x6 Fluorescent Orange Inventory Rectangle Labels, 500/Roll - High-Visibility Marking","https://packrift.com/products/4x6-fluorescent-orange-inventory-rectangle-labels-500-roll-high-visibility-marking","9","10","details_3_plus"
"DL635J","shopify_ZZ_15061115044208_53441028686192","labels","4x6"" Fluorescent Green Inventory Labels, 500/Roll - High-Visibility Paper","https://packrift.com/products/4x6-fluorescent-green-inventory-labels-500-roll-high-visibility-paper","9","10","details_3_plus"
"DL635M","shopify_ZZ_15061114913136_53441028555120","labels","4x6"" Purple Inventory Rectangle Labels, 500/Roll - Easy-Write Paper","https://packrift.com/products/4x6-purple-inventory-rectangle-labels-500-roll-easy-write-paper","9","10","details_3_plus"
"DL636B","shopify_ZZ_15061111505264_53440893387120","labels","2x4"" Dark Blue Inventory Rectangle Labels, 500/Roll - Paper","https://packrift.com/products/2x4-dark-blue-inventory-rectangle-labels-500-roll-paper","9","10","details_3_plus"
"DL636D","shopify_ZZ_15061111669104_53440917995888","labels","2x4"" Green Inventory Rectangle Labels, 500/Roll - Paper","https://packrift.com/products/2x4-green-inventory-rectangle-labels-500-roll-paper","9","10","details_3_plus"
"DL636E","shopify_ZZ_15061111734640_53440918094192","labels","2x4"" White Inventory Rectangle Labels, 500/Roll - Paper Stock","https://packrift.com/products/2x4-white-inventory-rectangle-labels-500-roll-paper-stock","9","10","details_3_plus"
"DL636H","shopify_ZZ_15061112062320_53440959054192","labels","2x4"" Fluorescent Orange Inventory Labels, 500/Roll - High-Visibility Paper Rectangle Labels","https://packrift.com/products/2x4-fluorescent-orange-inventory-labels-500-roll-high-visibility-paper-rectangle-labels","9","10","details_3_plus"
"DL636M","shopify_ZZ_15061111931248_53440934510960","labels","2x4"" Purple Inventory Rectangle Labels Paper 500/Roll","https://packrift.com/products/2x4-purple-inventory-rectangle-labels-paper-500-roll","9","10","details_3_plus"
"DL637C","shopify_ZZ_15061113831792_53441026949488","labels","3x9 Paper Inventory Rectangle Labels Light Blue 250/Roll","https://packrift.com/products/3x9-paper-inventory-rectangle-labels-light-blue-250-roll","9","10","details_3_plus"
"DL637H","shopify_ZZ_15061113962864_53441027080560","labels","3x9"" Fluorescent Orange Rectangle Inventory Labels, 250/Roll","https://packrift.com/products/3x9-fluorescent-orange-rectangle-inventory-labels-250-roll","9","10","details_3_plus"
"DL637K","shopify_ZZ_15061114028400_53441027146096","labels","3 x 9"" Fluorescent Pink Inventory Labels - 250/Roll Paper Rectangle Tags","https://packrift.com/products/3-x-9-fluorescent-pink-inventory-labels-250-roll-paper-rectangle-tags","9","10","details_3_plus"
"DL637L","shopify_ZZ_15061114061168_53441027178864","labels","3x9"" Fluorescent Yellow Rectangle Inventory Labels, 250/Roll","https://packrift.com/products/3x9-fluorescent-yellow-rectangle-inventory-labels-250-roll","9","10","details_3_plus"
"DL638A","shopify_ZZ_15061114192240_53441027309936","labels","4x4"" Red Paper Inventory Labels - 500/Roll Quick-Write Solution","https://packrift.com/products/4x4-red-paper-inventory-labels-500-roll-quick-write-solution","9","10","details_3_plus"
"DL638C","shopify_ZZ_15061114388848_53441028030832","labels","4x4"" Light Blue Inventory Rectangle Labels - 500/Roll Paper","https://packrift.com/products/4x4-light-blue-inventory-rectangle-labels-500-roll-paper","9","10","details_3_plus"
"DL638F","shopify_ZZ_15061114454384_53441028096368","labels","4x4"" Black Paper Inventory Rectangle Labels - 500/Roll","https://packrift.com/products/4x4-black-paper-inventory-rectangle-labels-500-roll","9","10","details_3_plus"
"DL638G","shopify_ZZ_15061114519920_53441028161904","labels","4x4"" Fluorescent Red Inventory Rectangle Labels - 500/Roll Paper","https://packrift.com/products/4x4-fluorescent-red-inventory-rectangle-labels-500-roll-paper","9","10","details_3_plus"
"DL638H","shopify_ZZ_15061114552688_53441028194672","labels","4x4"" Fluorescent Orange Inventory Rectangle Labels - 500/Roll Paper","https://packrift.com/products/4x4-fluorescent-orange-inventory-rectangle-labels-500-roll-paper","9","10","details_3_plus"
"DL638J","shopify_ZZ_15061114618224_53441028260208","labels","4x4"" Fluorescent Green Inventory Labels, 500/Roll - High-Visibility Paper","https://packrift.com/products/4x4-fluorescent-green-inventory-labels-500-roll-high-visibility-paper","9","10","details_3_plus"
"DL639E","shopify_ZZ_15061115339120_53441029013872","labels","5x7"" White Paper Inventory Rectangle Labels - 500/Roll","https://packrift.com/products/5x7-white-paper-inventory-rectangle-labels-500-roll","9","10","details_3_plus"
"DL639F","shopify_ZZ_15061115371888_53441029046640","labels","5x7 Black Paper Inventory Rectangle Labels - 500/Roll","https://packrift.com/products/5x7-black-paper-inventory-rectangle-labels-500-roll","9","10","details_3_plus"
"DL639H","shopify_ZZ_15061115568496_53441029243248","labels","5x7"" Fluorescent Orange Inventory Labels, 500/Roll - High-Visibility Paper","https://packrift.com/products/5x7-fluorescent-orange-inventory-labels-500-roll-high-visibility-paper","9","10","details_3_plus"
"DL6511","shopify_ZZ_15061663711600_53472961003888","labels","1"" Circle TUE Fluorescent Pink Days of Week Labels - 500/Roll","https://packrift.com/products/1-circle-tue-fluorescent-pink-days-of-week-labels-500-roll","10","10",""
"DL6512","shopify_ZZ_15061664039280_53472966377840","labels","2"" Fluorescent Pink TUE Days of the Week Labels - Paper Circle, Roll of 500","https://packrift.com/products/2-fluorescent-pink-tue-days-of-the-week-labels-paper-circle-roll-of-500","8","10","highlights_2_plus|pack_count_signal"
"DL6521","shopify_ZZ_15061663744368_53472961036656","labels","1"" Fluorescent Orange Circle WED Labels - 500/Roll Paper Inventory Tags","https://packrift.com/products/1-fluorescent-orange-circle-wed-labels-500-roll-paper-inventory-tags","10","10",""
"DL6522","shopify_ZZ_15061664072048_53472966410608","labels","2"" Fluorescent Orange ""WED"" Circle Labels Paper - 500/Roll","https://packrift.com/products/2-fluorescent-orange-wed-circle-labels-paper-500-roll","10","10",""
"DL6531","shopify_ZZ_15061663842672_53472966181232","labels","1"" Fluorescent Green THU Circle Labels Paper - 500/Roll Inventory Day Markers","https://packrift.com/products/1-fluorescent-green-thu-circle-labels-paper-500-roll-inventory-day-markers","10","10",""
"DL6532","shopify_ZZ_15061664104816_53472966443376","labels","2"" Fluorescent Green THU Circle Labels Paper 500/Roll - Days of Week Inventory","https://packrift.com/products/2-fluorescent-green-thu-circle-labels-paper-500-roll-days-of-week-inventory","10","10",""
"DL6541","shopify_ZZ_15061663875440_53472966214000","labels","1"" Fluorescent Red FRI Circle Days of the Week Labels - 500/Roll","https://packrift.com/products/1-fluorescent-red-fri-circle-days-of-the-week-labels-500-roll","10","10",""
"DL6722","shopify_ZZ_15062014099824_53474321236336","labels","3x6"" Fluorescent Pink February Month Labels - 500/Roll Pressure Sensitive","https://packrift.com/products/3x6-fluorescent-pink-february-month-labels-500-roll-pressure-sensitive","10","10",""
"DL6724","shopify_ZZ_15062014722416_53474322579824","labels","1"" Fluorescent Pink Circle FEB Month Labels - 500/Roll Paper","https://packrift.com/products/1-fluorescent-pink-circle-feb-month-labels-500-roll-paper","9","10","dimension_signal"
"DL6726","shopify_ZZ_15062014820720_53474322809200","labels","1"" Fluorescent Orange APR Circle Labels - 500/Roll Inventory Dating","https://packrift.com/products/1-fluorescent-orange-apr-circle-labels-500-roll-inventory-dating","9","10","dimension_signal"
"DL6729","shopify_ZZ_15062015115632_53474323300720","labels","1"" Circle JUL Fluorescent Yellow Month Labels - 500/Roll","https://packrift.com/products/1-circle-jul-fluorescent-yellow-month-labels-500-roll","9","10","dimension_signal"
"DL6730","shopify_ZZ_15062015213936_53474323431792","labels","1"" Circle Fluorescent Pink August Month Labels - 500/Roll Paper","https://packrift.com/products/1-circle-fluorescent-pink-august-month-labels-500-roll-paper","9","10","dimension_signal"
"DL6736","shopify_ZZ_15062015607152_53474324218224","labels","2"" Circle FEB Fluorescent Pink Monthly Inventory Labels - 500/Roll","https://packrift.com/products/2-circle-feb-fluorescent-pink-monthly-inventory-labels-500-roll","9","10","dimension_signal"
"DL6741","shopify_ZZ_15062013444464_53474319270256","labels","2x3"" White Paper Month Labels - 500/Roll Pressure Sensitive","https://packrift.com/products/2x3-white-paper-month-labels-500-roll-pressure-sensitive","10","10",""
"DL6745","shopify_ZZ_15062016033136_53474326184304","labels","2"" Circle September Month Labels, White Paper, 500/Roll - Inventory Dating","https://packrift.com/products/2-circle-september-month-labels-white-paper-500-roll-inventory-dating","9","10","dimension_signal"
"DL6754","shopify_ZZ_15062019735920_53474334081392","labels","1"" Fluorescent Pink Circle Number Labels - 500/Roll High-Gloss Paper","https://packrift.com/products/1-fluorescent-pink-circle-number-labels-500-roll-high-gloss-paper","9","10","dimension_signal"
"DL6764","shopify_ZZ_15062020587888_53474334966128","labels","1"" Fluorescent Red Circle Number Labels, 500/Roll - High-Visibility Inventory Identification","https://packrift.com/products/1-fluorescent-red-circle-number-labels-500-roll-high-visibility-inventory-identification","9","10","dimension_signal"
"DL6768","shopify_ZZ_15062020718960_53474335261040","labels","1"" Dark Blue Circle Number ""0"" Labels - 500/Roll Paper Inventory Tags","https://packrift.com/products/1-dark-blue-circle-number-0-labels-500-roll-paper-inventory-tags","9","10","dimension_signal"
"DL6771","shopify_ZZ_15062021079408_53474335621488","labels","1"" Fluorescent Red Circle Number Labels - 500/Roll High-Gloss Paper","https://packrift.com/products/1-fluorescent-red-circle-number-labels-500-roll-high-gloss-paper","9","10","dimension_signal"
"DL6773","shopify_ZZ_15062019866992_53474334212464","labels","1"" Fluorescent Yellow Circle Number Labels - 500/Roll High-Gloss Paper","https://packrift.com/products/1-fluorescent-yellow-circle-number-labels-500-roll-high-gloss-paper","9","10","dimension_signal"
"DL6781","shopify_ZZ_15062013542768_53474319499632","labels","2x3"" Fluorescent Green May Month Labels, 500/Roll - High Gloss Paper","https://packrift.com/products/2x3-fluorescent-green-may-month-labels-500-roll-high-gloss-paper","10","10",""
"DL6822","shopify_ZZ_15062014296432_53474321695088","labels","3x6 Fluorescent Yellow JUL Month Labels - 500/Roll Pressure Sensitive","https://packrift.com/products/3x6-fluorescent-yellow-jul-month-labels-500-roll-pressure-sensitive","10","10",""
"DL690B","shopify_ZZ_15061103739248_53440021201264","labels","1/2"" Dark Blue Paper Inventory Circle Labels - 500/Roll","https://packrift.com/products/1-2-dark-blue-paper-inventory-circle-labels-500-roll","10","10",""
"DL690H","shopify_ZZ_15061104230768_53440078578032","labels","1/2"" Fluorescent Orange Circle Inventory Labels, 500/Roll - High-Visibility Facility Tracking","https://packrift.com/products/1-2-fluorescent-orange-circle-inventory-labels-500-roll-high-visibility-facility-tracking","10","10",""
"DL690J","shopify_ZZ_15061104329072_53440094929264","labels","1/2"" Fluorescent Green Circle Inventory Labels, 500/Roll","https://packrift.com/products/1-2-fluorescent-green-circle-inventory-labels-500-roll","10","10",""
"DL690K","shopify_ZZ_15061104427376_53440103154032","labels","1/2"" Fluorescent Pink Circle Inventory Labels, 500/Roll - High-Visibility","https://packrift.com/products/1-2-fluorescent-pink-circle-inventory-labels-500-roll-high-visibility","10","10",""
"DL690L","shopify_ZZ_15061104492912_53440111346032","labels","1/2"" Fluorescent Yellow Circle Inventory Labels, 500/Roll - High-Visibility Paper","https://packrift.com/products/1-2-fluorescent-yellow-circle-inventory-labels-500-roll-high-visibility-paper","10","10",""
"DL690M","shopify_ZZ_15061104099696_53440062194032","labels","1/2"" Purple Circle Inventory Labels - 500/Roll Paper","https://packrift.com/products/1-2-purple-circle-inventory-labels-500-roll-paper","10","10",""
"DL6921","shopify_ZZ_15062013968752_53474320974192","labels","2x3"" Fluorescent Red December Labels - 500/Roll Pressure Sensitive Inventory","https://packrift.com/products/2x3-fluorescent-red-december-labels-500-roll-pressure-sensitive-inventory","10","10",""
"DL7007","shopify_ZZ_15061776171376_53473327513968","labels","2"" Fluorescent Yellow Circle D Letter Labels, Paper, Roll of 500","https://packrift.com/products/2-fluorescent-yellow-circle-d-letter-labels-paper-roll-of-500","7","10","highlights_2_plus|dimension_signal|pack_count_signal"
"DL701","shopify_ZZ_15061136212336_53442723905904","labels","3/4"" Clear Perforated Circle Mailing Labels - 5000/Roll","https://packrift.com/products/3-4-clear-perforated-circle-mailing-labels-5000-roll","10","10",""
"DL7010","shopify_ZZ_15062037070192_53474357346672","labels","1 3/8"" x 2 1/4"" ORM-D Consumer Commodity Air Labels - 500/Roll","https://packrift.com/products/1-3-8-x-2-1-4-orm-d-consumer-commodity-air-labels-500-roll","10","10",""
"DL7013","shopify_ZZ_15060969193840_53431019078000","labels","3x8"" Fragile Stop Labels, High Gloss Paper Roll of 250","https://packrift.com/products/3x8-fragile-stop-labels-high-gloss-paper-roll-of-250","9","10","details_3_plus"
"DL705","shopify_ZZ_15061136540016_53442765717872","labels","1.5"" Clear Polystyrene Circle Mailing Labels - 1000/Roll","https://packrift.com/products/1-5-clear-polystyrene-circle-mailing-labels-1000-roll","10","10",""
"DL709","shopify_ZZ_15061136867696_53442790424944","labels","2.5"" Clear Polystyrene Circle Mailing Labels - 1000/Roll","https://packrift.com/products/2-5-clear-polystyrene-circle-mailing-labels-1000-roll","10","10",""
"DL710","shopify_ZZ_15061136933232_53442806776176","labels","3"" Clear Polystyrene Circle Mailing Labels - Transparent Sealing, 1000/Roll","https://packrift.com/products/3-clear-polystyrene-circle-mailing-labels-transparent-sealing-1000-roll","10","10",""
"DL711","shopify_ZZ_15061136998768_53442814968176","labels","4"" Clear Polystyrene Circle Mailing Labels - Transparent Sealing, Roll of 500","https://packrift.com/products/4-clear-polystyrene-circle-mailing-labels-transparent-sealing-roll-of-500","8","10","highlights_2_plus|pack_count_signal"
"DL712","shopify_ZZ_15061137129840_53442831352176","labels","1"" x 1"" Clear Polystyrene Square Mailing Labels - Roll of 1000","https://packrift.com/products/1-x-1-clear-polystyrene-square-mailing-labels-roll-of-1000","8","10","details_3_plus|pack_count_signal"
"DL7530","shopify_ZZ_15062410789232_53475920707952","labels","6x6"" Vinyl Hazmat Waste Labels - DOT Compliant, 500/Roll","https://packrift.com/products/6x6-vinyl-hazmat-waste-labels-dot-compliant-500-roll","10","10",""
"DL754","shopify_ZZ_15061744681328_53473264107888","labels","2"" Frosty White Circle Paper Mailing Labels - 1000/Roll","https://packrift.com/products/2-frosty-white-circle-paper-mailing-labels-1000-roll","9","10","dimension_signal"
"DL761","shopify_ZZ_15062436086128_53475980771696","labels","1"" White Perforated Circle Paper Mailing Labels - 5000/Roll","https://packrift.com/products/1-white-perforated-circle-paper-mailing-labels-5000-roll","9","10","dimension_signal"
"DL762","shopify_ZZ_15062436282736_53475981394288","labels","1.5"" White Circle Paper Mailing Labels - Clean Seal Design, Roll of 5000","https://packrift.com/products/1-5-white-circle-paper-mailing-labels-clean-seal-design-roll-of-5000","7","10","highlights_2_plus|dimension_signal|pack_count_signal"
"DL9010","shopify_ZZ_15061085815152_53438541496688","labels","5/8 x 2"" Anti-Static Labels, Semi-Gloss Paper - International Compliance, Roll of 500","https://packrift.com/products/5-8-x-2-anti-static-labels-semi-gloss-paper-international-compliance-roll-of-500","8","10","details_3_plus|pack_count_signal"
"DL9020","shopify_ZZ_15061085716848_53438533271920","labels","3/8 x 1.25"" ESD Labels Semi-Gloss - International Compliance, Roll of 500","https://packrift.com/products/3-8-x-1-25-esd-labels-semi-gloss-international-compliance-roll-of-500","8","10","details_3_plus|pack_count_signal"
"DL9141","shopify_ZZ_15061086175600_53438582522224","labels","1.75x2.5"" Static Sensitive Devices Labels - Semi-Gloss, 500/Roll","https://packrift.com/products/1-75x2-5-static-sensitive-devices-labels-semi-gloss-500-roll","9","10","details_3_plus"
"DL9304","shopify_ZZ_15062406234480_53475906978160","labels","3.5"" Vinyl Warehouse Number Labels - Permanent Adhesive, Case of 50","https://packrift.com/products/3-5-vinyl-warehouse-number-labels-permanent-adhesive-case-of-50","9","10","dimension_signal"
"DL9310A","shopify_ZZ_15062406365552_53475907600752","labels","3.5"" Vinyl Warehouse Letter Labels - Permanent Adhesive, Case of 50","https://packrift.com/products/3-5-vinyl-warehouse-letter-labels-permanent-adhesive-case-of-50","9","10","dimension_signal"
"DL9310B","shopify_ZZ_15062406463856_53475907830128","labels","3.5"" Vinyl ""B"" Warehouse Letter Labels - Permanent Adhesive, Case of 50","https://packrift.com/products/3-5-vinyl-b-warehouse-letter-labels-permanent-adhesive-case-of-50","9","10","dimension_signal"
"DL9310H","shopify_ZZ_15062406857072_53475908780400","labels","3.5"" H Vinyl Warehouse Letter Labels - Permanent Adhesive, Case of 50","https://packrift.com/products/3-5-h-vinyl-warehouse-letter-labels-permanent-adhesive-case-of-50","9","10","dimension_signal"
"DL9310N","shopify_ZZ_15062407643504_53475911205232","labels","3.5"" N Vinyl Warehouse Letter Labels - Permanent Adhesive, Case of 50","https://packrift.com/products/3-5-n-vinyl-warehouse-letter-labels-permanent-adhesive-case-of-50","9","10","dimension_signal"
"DL9310R","shopify_ZZ_15062408626544_53475916448112","labels","3.5"" Black/White Vinyl Warehouse Letter Labels - 50 Case Pack","https://packrift.com/products/3-5-black-white-vinyl-warehouse-letter-labels-50-case-pack","9","10","dimension_signal"
"DL9310S","shopify_ZZ_15062408921456_53475916972400","labels","3.5"" Vinyl Letter S Labels - Warehouse Rack Marking, Case of 50","https://packrift.com/products/3-5-vinyl-letter-s-labels-warehouse-rack-marking-case-of-50","9","10","dimension_signal"
"DL9310W","shopify_ZZ_15062406726000_53475908518256","labels","3.5"" Black/White Vinyl Warehouse Letter Labels - 50/Case","https://packrift.com/products/3-5-black-white-vinyl-warehouse-letter-labels-50-case","9","10","dimension_signal"
"EN1001","shopify_ZZ_15061786984816_53473342947696","mailers","6x9 Kraft Clasp Envelopes 28lb Woven - Reusable Metal Clasps, Case of 1000","https://packrift.com/products/6x9-kraft-clasp-envelopes-28lb-woven-reusable-metal-clasps-case-of-1000","10","10",""
"EN1004","shopify_ZZ_15061787083120_53473343046000","mailers","9x12"" Kraft Clasp Envelopes, 28lb Woven Paper - 500/Case","https://packrift.com/products/9x12-kraft-clasp-envelopes-28lb-woven-paper-500-case","10","10",""
"EN1020","shopify_ZZ_15061969633648_53474218606960","mailers","9x6 Kraft Gummed Envelopes 28lb - Secure Seal, Case of 2500","https://packrift.com/products/9x6-kraft-gummed-envelopes-28lb-secure-seal-case-of-2500","9","10","details_3_plus"
"EN1022","shopify_ZZ_15061969731952_53474218705264","mailers","9x12"" Kraft Gummed Envelopes 28lb Paper - Secure Seal, Case of 1000","https://packrift.com/products/9x12-kraft-gummed-envelopes-28lb-paper-secure-seal-case-of-1000","9","10","details_3_plus"
"EN1026","shopify_ZZ_15062429499760_53475960979824","mailers","9x12"" White Gummed Envelopes 28lb Paper - Secure Seal, Case of 1000","https://packrift.com/products/9x12-white-gummed-envelopes-28lb-paper-secure-seal-case-of-1000","10","10",""
"EN1029","shopify_ZZ_15061969502576_53474218475888","mailers","4 1/4 x 2 1/2"" Kraft Gummed Envelopes - Secure Seal, 28 lb. Paper, Case of 5000","https://packrift.com/products/4-1-4-x-2-1-2-kraft-gummed-envelopes-secure-seal-28-lb-paper-case-of-5000","9","10","details_3_plus"
"EN1030","shopify_ZZ_15061969535344_53474218508656","mailers","5.5 x 3.125"" Kraft Gummed Envelopes - Secure 28lb Paper, Case of 5000","https://packrift.com/products/5-5-x-3-125-kraft-gummed-envelopes-secure-28lb-paper-case-of-5000","9","10","details_3_plus"
"EN1061","shopify_ZZ_15061983887728_53474252521840","mailers","10 x 13"" Kraft Self-Seal Envelopes - No Moisture Needed, Case of 500","https://packrift.com/products/10-x-13-kraft-self-seal-envelopes-no-moisture-needed-case-of-500","10","10",""
"EN1064","shopify_ZZ_15061681373552_53473102758256","mailers","11x5x2"" Kraft Expandable Self-Seal Envelopes - Fast Peel & Seal, Case of 100","https://packrift.com/products/11x5x2-kraft-expandable-self-seal-envelopes-fast-peel-seal-case-of-100","10","10",""
"EN1065","shopify_ZZ_15061681602928_53473107411312","mailers","10x13x2"" Kraft Expandable Self-Seal Envelopes - No Moisture Needed, Case of 100","https://packrift.com/products/10x13x2-kraft-expandable-self-seal-envelopes-no-moisture-needed-case-of-100","10","10",""
"EN1066","shopify_ZZ_15061681570160_53473106329968","mailers","12 x 10 x 2"" Kraft Expandable Self-Seal Envelopes - No Moisture Required, Case of 100","https://packrift.com/products/12-x-10-x-2-kraft-expandable-self-seal-envelopes-no-moisture-required-case-of-100","10","10",""
"EN1070","shopify_ZZ_15062443491696_53476002365808","mailers","9.5x12.5"" White Self-Seal Envelopes, 28lb Paper - Case of 500","https://packrift.com/products/9-5x12-5-white-self-seal-envelopes-28lb-paper-case-of-500","10","10",""
"EN1071","shopify_ZZ_15062443524464_53476002398576","mailers","15.5 x 12 White Self-Seal Envelopes 28lb Paper - Case of 500","https://packrift.com/products/15-5-x-12-white-self-seal-envelopes-28lb-paper-case-of-500","10","10",""
"EN1072","shopify_ZZ_15061681439088_53473103970672","mailers","9x12x2 Kraft Expandable Self-Seal Envelopes - No Moisture Needed, Case of 250","https://packrift.com/products/9x12x2-kraft-expandable-self-seal-envelopes-no-moisture-needed-case-of-250","10","10",""
"EN1073","shopify_ZZ_15061681471856_53473105117552","mailers","9.5x13x2 Kraft Expandable Self-Seal Envelopes - No Moisture Needed, Case of 250","https://packrift.com/products/9-5x13x2-kraft-expandable-self-seal-envelopes-no-moisture-needed-case-of-250","10","10",""
"EN1075","shopify_ZZ_15061681897840_53473112064368","mailers","15x12x3 Kraft Expandable Self-Seal Envelopes - No Moisture Needed, Case of 250","https://packrift.com/products/15x12x3-kraft-expandable-self-seal-envelopes-no-moisture-needed-case-of-250","10","10",""
"EN1076","shopify_ZZ_15061681635696_53473108525424","mailers","10x13x2"" Kraft Expandable Self-Seal Envelopes - Fast Peel & Seal, 100/Case","https://packrift.com/products/10x13x2-kraft-expandable-self-seal-envelopes-fast-peel-seal-100-case","10","10",""
"EN1081","shopify_ZZ_15061970583920_53474219721072","mailers","14 x 18"" Kraft Jumbo Envelopes - Ungummed, 28 lb., Case of 100","https://packrift.com/products/14-x-18-kraft-jumbo-envelopes-ungummed-28-lb-case-of-100","9","10","details_3_plus"
"EN1082","shopify_ZZ_15061970616688_53474219753840","mailers","20 x 15"" Kraft Jumbo Envelopes - 28 lb. Ungummed, Case of 100","https://packrift.com/products/20-x-15-kraft-jumbo-envelopes-28-lb-ungummed-case-of-100","9","10","details_3_plus"
"EN1084","shopify_ZZ_15061970682224_53474219819376","mailers","22 x 17"" Kraft Jumbo Envelopes 28 lb - Case of 100","https://packrift.com/products/22-x-17-kraft-jumbo-envelopes-28-lb-case-of-100","9","10","details_3_plus"
"EN1086","shopify_ZZ_15061970747760_53474219884912","mailers","27 x 22"" Kraft Jumbo Envelopes - 28 lb. Paper, Case of 100","https://packrift.com/products/27-x-22-kraft-jumbo-envelopes-28-lb-paper-case-of-100","9","10","details_3_plus"
"EN1087","shopify_ZZ_15061970780528_53474219917680","mailers","24x30"" Kraft Jumbo Envelopes - 28 lb. Ungummed, Case of 100","https://packrift.com/products/24x30-kraft-jumbo-envelopes-28-lb-ungummed-case-of-100","9","10","details_3_plus"
"EN1088","shopify_ZZ_15061970813296_53474219950448","mailers","24x36"" Kraft Jumbo Envelopes - Reusable Ungummed, 28lb, Case of 100","https://packrift.com/products/24x36-kraft-jumbo-envelopes-reusable-ungummed-28lb-case-of-100","9","10","details_3_plus"
"EN1093","shopify_ZZ_15061774762352_53473325547888","mailers","10x13"" Kraft Inter-Department Envelopes with String Closure - Case of 100","https://packrift.com/products/10x13-kraft-inter-department-envelopes-with-string-closure-case-of-100","10","10",""
"EN1095","shopify_ZZ_15061150499184_53443663888752","mailers","10x13"" Red Inter-Department Envelopes 100/Case - Reusable String Closure","https://packrift.com/products/10x13-red-inter-department-envelopes-100-case-reusable-string-closure","9","10","details_3_plus"
"EN1096","shopify_ZZ_15061150663024_53443672244592","mailers","10x13"" Yellow Inter-Department Envelopes String Closure - Case of 100","https://packrift.com/products/10x13-yellow-inter-department-envelopes-string-closure-case-of-100","9","10","details_3_plus"
"EN1097","shopify_ZZ_15061150957936_53443681026416","mailers","13"" x 10"" Blue Inter-Department Envelopes - String Closure, Case of 100","https://packrift.com/products/13-x-10-blue-inter-department-envelopes-string-closure-case-of-100","9","10","details_3_plus"
"EP252530120B","shopify_ZZ_15061992014192_53474267267440","strapping","2.5x2.5x30"" .120 Fibreboard Edge Protectors - Load Stabilization, Case/105","https://packrift.com/products/2-5x2-5x30-120-fibreboard-edge-protectors-load-stabilization-case-105","10","10",""
"EP3312225BX","shopify_ZZ_15061761655152_53473297105264","strapping","3x3x12"" .225 Edge Protectors - Load Stabilization, Case of 120","https://packrift.com/products/3x3x12-225-edge-protectors-load-stabilization-case-of-120","10","10",""
"EP3324160BX","shopify_ZZ_15062001844592_53474281816432","strapping","3x3x24"" .160 Fibreboard Edge Protectors - Case of 100","https://packrift.com/products/3x3x24-160-fibreboard-edge-protectors-case-of-100","10","10",""
"EP3348160BX","shopify_ZZ_15062002073968_53474282045808","strapping","3x3x48"" .160 Fibreboard Edge Protectors - Load Stabilization, Case of 45","https://packrift.com/products/3x3x48-160-fibreboard-edge-protectors-load-stabilization-case-of-45","10","10",""
"EPM10132","shopify_ZZ_15061682454896_53473119273328","mailers","10x13x2 Expansion Poly Mailers 2.5 Mil Self-Seal White - Case of 100","https://packrift.com/products/10x13x2-expansion-poly-mailers-2-5-mil-self-seal-white-case-of-100","10","10",""
"EPM11132","shopify_ZZ_15061682487664_53473120518512","mailers","11x13x2 Expansion Poly Mailers 2.5 Mil Self-Seal White 100/Case","https://packrift.com/products/11x13x2-expansion-poly-mailers-2-5-mil-self-seal-white-100-case","10","10",""
"EPM11134","shopify_ZZ_15061682553200_53473121632624","mailers","11x13x4"" Expansion Poly Mailers 2.5 Mil - Self-Seal, Tear-Proof, Case of 100","https://packrift.com/products/11x13x4-expansion-poly-mailers-2-5-mil-self-seal-tear-proof-case-of-100","10","10",""
"EPM13162","shopify_ZZ_15061682585968_53473122812272","mailers","13x16x2"" Expansion Poly Mailers 2.5 Mil Self-Seal White - Case of 100","https://packrift.com/products/13x16x2-expansion-poly-mailers-2-5-mil-self-seal-white-case-of-100","10","10",""
"EPM15204","shopify_ZZ_15061682651504_53473125138800","mailers","15x20x4"" Expansion Poly Mailers, 2.5 Mil, Self-Seal, Case of 100","https://packrift.com/products/15x20x4-expansion-poly-mailers-2-5-mil-self-seal-case-of-100","10","10",""
"EPM20244","shopify_ZZ_15061682684272_53473126285680","mailers","20x24x4 Expansion Poly Mailers 2.5 Mil Self-Seal White, 100/Case","https://packrift.com/products/20x24x4-expansion-poly-mailers-2-5-mil-self-seal-white-100-case","10","10",""
"EPM26285","shopify_ZZ_15061682717040_53473127367024","mailers","26x28x5"" Expansion Poly Mailers 2.5 Mil Self-Seal White - Case of 100","https://packrift.com/products/26x28x5-expansion-poly-mailers-2-5-mil-self-seal-white-case-of-100","10","10",""
"FCSA12122","shopify_ZZ_15061174944112_53444759912816","boxes","12x12x2"" Anti-Static Convoluted Foam Sets - 24 Pack","https://packrift.com/products/12x12x2-anti-static-convoluted-foam-sets-24-pack","9","10","details_3_plus"
"FCSC12122","shopify_ZZ_15061175861616_53444761616752","boxes","12x12x2"" Charcoal Convoluted Foam Sheets - Professional Cushioning Protection, Case of 24","https://packrift.com/products/12x12x2-charcoal-convoluted-foam-sheets-professional-cushioning-protection-case-of-24","9","10","details_3_plus"
"FCSC24242","shopify_ZZ_15061176090992_53444762239344","boxes","24x24x2"" Charcoal Convoluted Foam Sheets - Professional Cushioning, Case of 6","https://packrift.com/products/24x24x2-charcoal-convoluted-foam-sheets-professional-cushioning-case-of-6","9","10","details_3_plus"
"FCSC24362","shopify_ZZ_15061176156528_53444762304880","boxes","24x36x2"" Charcoal Convoluted Foam Sheets - Professional Cushioning, Case of 9","https://packrift.com/products/24x36x2-charcoal-convoluted-foam-sheets-professional-cushioning-case-of-9","9","10","details_3_plus"
"FR44","shopify_ZZ_15061657026928_53472913162608","boxes","3.25x3.25"" ECT-32 Corrugated Frame Protectors - 630/Case","https://packrift.com/products/3-25x3-25-ect-32-corrugated-frame-protectors-630-case","10","10",""
"FSA10104","shopify_ZZ_15061084569968_53438385750384","boxes","10x10x4 Anti-Static Foam Shipper Box - 200# Corrugated, Case of 24","https://packrift.com/products/10x10x4-anti-static-foam-shipper-box-200-corrugated-case-of-24","9","10","details_3_plus"
"FSA1062","shopify_ZZ_15061084504432_53438377558384","boxes","10x6x2"" Anti-Static Foam Shipper Box - 200# Corrugated, Case of 24","https://packrift.com/products/10x6x2-anti-static-foam-shipper-box-200-corrugated-case-of-24","9","10","details_3_plus"
"FSA12122","shopify_ZZ_15061084799344_53438410359152","boxes","12x12x2.75"" Anti-Static Foam Shippers, 200# Corrugated, Case of 24","https://packrift.com/products/12x12x2-75-anti-static-foam-shippers-200-corrugated-case-of-24","9","10","details_3_plus"
"FSA18122","shopify_ZZ_15061085061488_53438451253616","boxes","18x12x2.75"" Anti-Static Foam Shipper Box - 200# Corrugated, Case of 24","https://packrift.com/products/18x12x2-75-anti-static-foam-shipper-box-200-corrugated-case-of-24","9","10","details_3_plus"
"FSA26184","shopify_ZZ_15061085356400_53438484152688","boxes","26x18x4"" Anti-Static Foam Shipper - 200# Corrugated, Case of 9","https://packrift.com/products/26x18x4-anti-static-foam-shipper-200-corrugated-case-of-9","9","10","details_3_plus"
"FSA882","shopify_ZZ_15061084340592_53438360977776","boxes","8x8x2.75"" Anti-Static Foam Shipper - 200# Corrugated, Case of 24","https://packrift.com/products/8x8x2-75-anti-static-foam-shipper-200-corrugated-case-of-24","9","10","details_3_plus"
"FSA963","shopify_ZZ_15061084471664_53438377525616","boxes","9x6x3.25"" Anti-Static Foam Shipper Box - 200# Corrugated, Case of 24","https://packrift.com/products/9x6x3-25-anti-static-foam-shipper-box-200-corrugated-case-of-24","9","10","details_3_plus"
"FSB370","shopify_ZZ_15061678850416_53473033650544","boxes","24x15x10 Kraft Corrugated File Storage Boxes - Economy 2-Piece, Case of 12","https://packrift.com/products/24x15x10-kraft-corrugated-file-storage-boxes-economy-2-piece-case-of-12","10","10",""
"FSB640","shopify_ZZ_15061093908848_53439178735984","boxes","24x12x10.25 String & Button File Storage Boxes, 250# Corrugated, Case of 12","https://packrift.com/products/24x12x10-25-string-button-file-storage-boxes-250-corrugated-case-of-12","10","10",""
"G10013","shopify_ZZ_15060982727024_53431416095088","labels","2 3/4"" x 1 3/8"" 13 Pt. Manila Pre-Wired Shipping Tags - Case of 1000","https://packrift.com/products/2-3-4-x-1-3-8-13-pt-manila-pre-wired-shipping-tags-case-of-1000","10","10",""
"G10022","shopify_ZZ_15060981154160_53431297540464","labels","3 1/4 x 1 5/8"" Pre-Strung Manila Shipping Tags - 13 Pt, Case of 1000","https://packrift.com/products/3-1-4-x-1-5-8-pre-strung-manila-shipping-tags-13-pt-case-of-1000","10","10",""
"G10043","shopify_ZZ_15060983021936_53431448895856","labels","4 1/4 x 2 1/8"" 13 Pt Manila Pre-Wired Shipping Tags - 1000/Case","https://packrift.com/products/4-1-4-x-2-1-8-13-pt-manila-pre-wired-shipping-tags-1000-case","10","10",""
"G10051","shopify_ZZ_15060980040048_53431189602672","labels","4 3/4 x 2 3/8"" 13 Pt. Manila Shipping Tags - Durable, Case of 1000","https://packrift.com/products/4-3-4-x-2-3-8-13-pt-manila-shipping-tags-durable-case-of-1000","10","10",""
"G10062","shopify_ZZ_15060981547376_53431339352432","labels","5 1/4"" x 2 5/8"" 13 Pt. Manila Shipping Tags Pre-Strung - 1000/Case","https://packrift.com/products/5-1-4-x-2-5-8-13-pt-manila-shipping-tags-pre-strung-1000-case","10","10",""
"G10063","shopify_ZZ_15060983284080_53431473537392","labels","5 1/4 x 2 5/8"" Pre-Wired Manila Shipping Tags - 13 Pt., Case of 1000","https://packrift.com/products/5-1-4-x-2-5-8-pre-wired-manila-shipping-tags-13-pt-case-of-1000","10","10",""
"G10072","shopify_ZZ_15060981612912_53431339417968","labels","5 3/4"" x 2 7/8"" 13 Pt. Manila Shipping Tags - Pre-Strung, Case of 1000","https://packrift.com/products/5-3-4-x-2-7-8-13-pt-manila-shipping-tags-pre-strung-case-of-1000","10","10",""
"G10073","shopify_ZZ_15060983382384_53431481893232","labels","5 3/4"" x 2 7/8"" 13 Pt. Manila Pre-Wired Shipping Tags, Case of 1000","https://packrift.com/products/5-3-4-x-2-7-8-13-pt-manila-pre-wired-shipping-tags-case-of-1000","10","10",""
"G10092","shopify_ZZ_15061019623792_53433647595888","labels","7.5x3.75"" 15Pt Manila Shipping Tags Pre-Strung - Durable, Case of 500","https://packrift.com/products/7-5x3-75-15pt-manila-shipping-tags-pre-strung-durable-case-of-500","10","10",""
"G10102","shopify_ZZ_15061019689328_53433647628656","labels","8x4"" 15 Pt Manila Shipping Tags Pre-Strung - Durable, Case of 500","https://packrift.com/products/8x4-15-pt-manila-shipping-tags-pre-strung-durable-case-of-500","10","10",""
"G10103","shopify_ZZ_15061019918704_53433664110960","labels","8x4"" 15 Pt Manila Jumbo Shipping Tags Pre-Wired - Case of 500","https://packrift.com/products/8x4-15-pt-manila-jumbo-shipping-tags-pre-wired-case-of-500","10","10",""
"G10113","shopify_ZZ_15060983611760_53431507419504","labels","8x4"" Manila 13 Pt. Pre-Wired Shipping Tags - 500/Case","https://packrift.com/products/8x4-manila-13-pt-pre-wired-shipping-tags-500-case","10","10",""
"G11011B","shopify_ZZ_15060984168816_53431573676400","labels","2 3/4 x 1 3/8 Light Blue 13 Pt. Shipping Tags - 1000/Case","https://packrift.com/products/2-3-4-x-1-3-8-light-blue-13-pt-shipping-tags-1000-case","10","10",""
"G11011G","shopify_ZZ_15060984463728_53431606477168","labels","2 3/4 x 1 3/8"" White 13 Pt. Shipping Tags - 1000/Case","https://packrift.com/products/2-3-4-x-1-3-8-white-13-pt-shipping-tags-1000-case","10","10",""
"G11011H","shopify_ZZ_15060984594800_53431622893936","labels","2 3/4"" x 1 3/8"" Orange 13 Pt. Shipping Tags - 1000/Case","https://packrift.com/products/2-3-4-x-1-3-8-orange-13-pt-shipping-tags-1000-case","10","10",""
"G11012D","shopify_ZZ_15060990919024_53432273568112","labels","2 3/4"" x 1 3/8"" Green 13 Pt. Shipping Tags - Pre-Strung, 1000/Case","https://packrift.com/products/2-3-4-x-1-3-8-green-13-pt-shipping-tags-pre-strung-1000-case","10","10",""
"G11012J","shopify_ZZ_15060991115632_53432282284400","labels","2 3/4"" x 1 3/8"" Pink 13 Pt. Shipping Tags - Pre-Strung, Case of 1000","https://packrift.com/products/2-3-4-x-1-3-8-pink-13-pt-shipping-tags-pre-strung-case-of-1000","10","10",""
"G11021A","shopify_ZZ_15060984791408_53431647469936","labels","3 1/4"" x 1 5/8"" Dark Blue 13 Pt. Shipping Tags - 1000/Case","https://packrift.com/products/3-1-4-x-1-5-8-dark-blue-13-pt-shipping-tags-1000-case","10","10",""
"G11021J","shopify_ZZ_15060985512304_53431697834352","labels","3 1/4 x 1 5/8"" Pink 13 Pt. Shipping Tags - Case of 1000","https://packrift.com/products/3-1-4-x-1-5-8-pink-13-pt-shipping-tags-case-of-1000","10","10",""
"G11022A","shopify_ZZ_15060991181168_53432282317168","labels","3 1/4"" x 1 5/8"" Dark Blue 13 Pt. Shipping Tags - Pre-Strung, Case of 1000","https://packrift.com/products/3-1-4-x-1-5-8-dark-blue-13-pt-shipping-tags-pre-strung-case-of-1000","10","10",""
"G11022B","shopify_ZZ_15060991213936_53432282382704","labels","3.25x1.625"" Light Blue 13Pt Shipping Tags Pre-Strung 1000/Case","https://packrift.com/products/3-25x1-625-light-blue-13pt-shipping-tags-pre-strung-1000-case","10","10",""
"G11022G","shopify_ZZ_15060991508848_53432284774768","labels","3 1/4 x 1 5/8"" White 13 Pt. Shipping Tags - Pre-Strung, Case of 1000","https://packrift.com/products/3-1-4-x-1-5-8-white-13-pt-shipping-tags-pre-strung-case-of-1000","10","10",""
"G11022J","shopify_ZZ_15060991672688_53432284938608","labels","3 1/4 x 1 5/8"" Pink 13 Pt. Shipping Tags - Pre-Strung, Case of 1000","https://packrift.com/products/3-1-4-x-1-5-8-pink-13-pt-shipping-tags-pre-strung-case-of-1000","10","10",""
"G11023E","shopify_ZZ_15060996751728_53432371446128","labels","3.25x1.625"" Red 13Pt Shipping Tags Pre-Wired 1000/Case","https://packrift.com/products/3-25x1-625-red-13pt-shipping-tags-pre-wired-1000-case","10","10",""
"G11023H","shopify_ZZ_15060996915568_53432396022128","labels","3.25"" x 1.63"" Orange 13pt Shipping Tags Pre-Wired - Case of 1000","https://packrift.com/products/3-25-x-1-63-orange-13pt-shipping-tags-pre-wired-case-of-1000","10","10",""
"G11031B","shopify_ZZ_15060985708912_53431717298544","labels","3 3/4"" x 1 7/8"" Light Blue 13 Pt. Shipping Tags - 1000/Case","https://packrift.com/products/3-3-4-x-1-7-8-light-blue-13-pt-shipping-tags-1000-case","10","10",""
"G11031C","shopify_ZZ_15060985774448_53431733649776","labels","3 3/4"" x 1 7/8"" Yellow 13 Pt. Shipping Tags - 1000/Case","https://packrift.com/products/3-3-4-x-1-7-8-yellow-13-pt-shipping-tags-1000-case","10","10",""
"G11031E","shopify_ZZ_15060985905520_53431750066544","labels","3 3/4 x 1 7/8"" Red 13 Pt. Shipping Tags - Durable, Case of 1000","https://packrift.com/products/3-3-4-x-1-7-8-red-13-pt-shipping-tags-durable-case-of-1000","10","10",""
"G11031G","shopify_ZZ_15060986003824_53431758291312","labels","3 3/4"" x 1 7/8"" White 13 Pt Shipping Tags - 1000/Case","https://packrift.com/products/3-3-4-x-1-7-8-white-13-pt-shipping-tags-1000-case","10","10",""
"G11031H","shopify_ZZ_15060986069360_53431766712688","labels","3 3/4"" x 1 7/8"" Orange 13 Pt. Shipping Tags - 1000/Case","https://packrift.com/products/3-3-4-x-1-7-8-orange-13-pt-shipping-tags-1000-case","10","10",""
"G11032B","shopify_ZZ_15060991738224_53432285004144","labels","3 3/4 x 1 7/8"" Light Blue 13 Pt. Shipping Tags - Case of 1000","https://packrift.com/products/3-3-4-x-1-7-8-light-blue-13-pt-shipping-tags-case-of-1000","10","10",""
"G11032C","shopify_ZZ_15060991902064_53432285167984","labels","3 3/4"" x 1 7/8"" Yellow 13 Pt Shipping Tags - Pre-Strung, Case of 1000","https://packrift.com/products/3-3-4-x-1-7-8-yellow-13-pt-shipping-tags-pre-strung-case-of-1000","10","10",""
"G11032E","shopify_ZZ_15060992000368_53432285266288","labels","3 3/4"" x 1 7/8"" Red 13 Pt. Shipping Tags, Pre-Strung, Case 1000","https://packrift.com/products/3-3-4-x-1-7-8-red-13-pt-shipping-tags-pre-strung-case-1000","10","10",""
"G11032J","shopify_ZZ_15060992098672_53432285364592","labels","3 3/4"" x 1 7/8"" Pink 13 Pt. Pre-Strung Shipping Tags - 1000/Case","https://packrift.com/products/3-3-4-x-1-7-8-pink-13-pt-pre-strung-shipping-tags-1000-case","10","10",""
"G11033B","shopify_ZZ_15060997407088_53432429019504","labels","3 3/4"" x 1 7/8"" Light Blue 13 Pt Shipping Tags - Pre-Wired, Case of 1000","https://packrift.com/products/3-3-4-x-1-7-8-light-blue-13-pt-shipping-tags-pre-wired-case-of-1000","10","10",""
"G11033C","shopify_ZZ_15060997570928_53432437342576","labels","3 3/4"" x 1 7/8"" Yellow 13 Pt. Pre-Wired Shipping Tags - 1000/Case","https://packrift.com/products/3-3-4-x-1-7-8-yellow-13-pt-pre-wired-shipping-tags-1000-case","10","10",""
"G11033E","shopify_ZZ_15060997865840_53432455725424","labels","3 3/4"" x 1 7/8"" Red 13 Pt. Shipping Tags Pre-Wired - 1000/Case","https://packrift.com/products/3-3-4-x-1-7-8-red-13-pt-shipping-tags-pre-wired-1000-case","10","10",""
"G11033G","shopify_ZZ_15060997996912_53432464802160","labels","3 3/4"" x 1 7/8"" White 13 Pt. Shipping Tags Pre-Wired, Case of 1000","https://packrift.com/products/3-3-4-x-1-7-8-white-13-pt-shipping-tags-pre-wired-case-of-1000","10","10",""
"G11033J","shopify_ZZ_15060998259056_53432481939824","labels","3 3/4"" x 1 7/8"" Pink 13 Pt. Pre-Wired Shipping Tags - 1000/Case","https://packrift.com/products/3-3-4-x-1-7-8-pink-13-pt-pre-wired-shipping-tags-1000-case","10","10",""
"G11041B","shopify_ZZ_15060986364272_53431791386992","labels","4.25x2.13"" Light Blue 13pt Shipping Tags - 1000/Case Tear-Resistant","https://packrift.com/products/4-25x2-13-light-blue-13pt-shipping-tags-1000-case-tear-resistant","10","10",""
"G11041H","shopify_ZZ_15060986659184_53431825072496","labels","4 1/4 x 2 1/8"" Orange 13 Pt. Shipping Tags - 1000/Case","https://packrift.com/products/4-1-4-x-2-1-8-orange-13-pt-shipping-tags-1000-case","10","10",""
"G11041J","shopify_ZZ_15060986757488_53431833264496","labels","4 1/4 x 2 1/8"" Pink 13 Pt. Shipping Tags - 1000/Case","https://packrift.com/products/4-1-4-x-2-1-8-pink-13-pt-shipping-tags-1000-case","10","10",""
"G11042A","shopify_ZZ_15060992131440_53432285888880","labels","4 1/4 x 2 1/8"" Dark Blue 13 Pt Shipping Tags - Pre-Strung, Case/1000","https://packrift.com/products/4-1-4-x-2-1-8-dark-blue-13-pt-shipping-tags-pre-strung-case-1000","10","10",""
"G11042C","shopify_ZZ_15060992229744_53432285987184","labels","4.25x2.13"" Yellow 13pt Shipping Tags Pre-Strung - 1000/Case","https://packrift.com/products/4-25x2-13-yellow-13pt-shipping-tags-pre-strung-1000-case","10","10",""
"G11042E","shopify_ZZ_15060992295280_53432286052720","labels","4.25x2.13"" Red 13pt Shipping Tags Pre-Strung 1000/Case","https://packrift.com/products/4-25x2-13-red-13pt-shipping-tags-pre-strung-1000-case","10","10",""
"G11042G","shopify_ZZ_15060992360816_53432286118256","labels","4.25"" x 2.13"" White 13pt Shipping Tags Pre-Strung - 1000/Case","https://packrift.com/products/4-25-x-2-13-white-13pt-shipping-tags-pre-strung-1000-case","10","10",""
"G11042H","shopify_ZZ_15060992426352_53432286183792","labels","4.25x2.13"" Orange 13pt Shipping Tags Pre-Strung - 1000/Case","https://packrift.com/products/4-25x2-13-orange-13pt-shipping-tags-pre-strung-1000-case","10","10",""
"G11043A","shopify_ZZ_15060998357360_53432482234736","labels","4.25x2.13"" Dark Blue 13pt Shipping Tags Pre-Wired - 1000/Case","https://packrift.com/products/4-25x2-13-dark-blue-13pt-shipping-tags-pre-wired-1000-case","10","10",""
"G11043B","shopify_ZZ_15060998488432_53432498618736","labels","4 1/4 x 2 1/8"" Light Blue 13 Pt. Shipping Tags - Pre-Wired, Case of 1000","https://packrift.com/products/4-1-4-x-2-1-8-light-blue-13-pt-shipping-tags-pre-wired-case-of-1000","10","10",""
"G11043D","shopify_ZZ_15060998783344_53432515953008","labels","4 1/4 x 2 1/8"" Green 13 Pt. Shipping Tags - Pre-Wired, Case of 1000","https://packrift.com/products/4-1-4-x-2-1-8-green-13-pt-shipping-tags-pre-wired-case-of-1000","10","10",""
"G11043H","shopify_ZZ_15060999209328_53432548983152","labels","4.25 x 2.13"" Orange 13pt Shipping Tags, Pre-Wired, Case/1000","https://packrift.com/products/4-25-x-2-13-orange-13pt-shipping-tags-pre-wired-case-1000","10","10",""
"G11051A","shopify_ZZ_15060986823024_53431849910640","labels","4 3/4"" x 2 3/8"" Dark Blue 13 Pt. Shipping Tags - 1000/Case","https://packrift.com/products/4-3-4-x-2-3-8-dark-blue-13-pt-shipping-tags-1000-case","10","10",""
"G11051C","shopify_ZZ_15060987019632_53431866360176","labels","4 3/4"" x 2 3/8"" Yellow 13 Pt. Shipping Tags - 1000/Case","https://packrift.com/products/4-3-4-x-2-3-8-yellow-13-pt-shipping-tags-1000-case","10","10",""
"G11051D","shopify_ZZ_15060987085168_53431874552176","labels","4 3/4 x 2 3/8 Green 13 Pt Shipping Tags - 1000 Case","https://packrift.com/products/4-3-4-x-2-3-8-green-13-pt-shipping-tags-1000-case","10","10",""
"G11051E","shopify_ZZ_15060987150704_53431882744176","labels","4 3/4"" x 2 3/8"" Red 13 Pt. Shipping Tags - 1000/Case","https://packrift.com/products/4-3-4-x-2-3-8-red-13-pt-shipping-tags-1000-case","10","10",""
"G11051F","shopify_ZZ_15060987216240_53431890936176","labels","4 3/4 x 2 3/8"" Gray 13 Pt. Shipping Tags - 1000/Case","https://packrift.com/products/4-3-4-x-2-3-8-gray-13-pt-shipping-tags-1000-case","10","10",""
"G11051G","shopify_ZZ_15060987249008_53431890968944","labels","4 3/4"" x 2 3/8"" White 13 Pt. Shipping Tags - 1000/Case","https://packrift.com/products/4-3-4-x-2-3-8-white-13-pt-shipping-tags-1000-case","10","10",""
"G11051H","shopify_ZZ_15060987347312_53431899455856","labels","4 3/4"" x 2 3/8"" Orange 13 Pt. Shipping Tags - 1000/Case","https://packrift.com/products/4-3-4-x-2-3-8-orange-13-pt-shipping-tags-1000-case","10","10",""
"G11051J","shopify_ZZ_15060987445616_53431915839856","labels","4 3/4"" x 2 3/8"" Pink 13 Pt. Shipping Tags - 1000/Case","https://packrift.com/products/4-3-4-x-2-3-8-pink-13-pt-shipping-tags-1000-case","10","10",""
"G11052A","shopify_ZZ_15060992491888_53432286904688","labels","4.75x2.375"" Dark Blue 13pt Shipping Tags Pre-Strung - 1000/Case","https://packrift.com/products/4-75x2-375-dark-blue-13pt-shipping-tags-pre-strung-1000-case","10","10",""
"G11052B","shopify_ZZ_15060992557424_53432286970224","labels","4 3/4"" x 2 3/8"" Light Blue 13 Pt. Shipping Tags - Pre-Strung, Case/1000","https://packrift.com/products/4-3-4-x-2-3-8-light-blue-13-pt-shipping-tags-pre-strung-case-1000","10","10",""
"G11052D","shopify_ZZ_15060992688496_53432287101296","labels","4 3/4"" x 2 3/8"" Green 13 Pt. Shipping Tags - Pre-Strung, Case of 1000","https://packrift.com/products/4-3-4-x-2-3-8-green-13-pt-shipping-tags-pre-strung-case-of-1000","10","10",""
"G11052F","shopify_ZZ_15060992786800_53432287527280","labels","4 3/4 x 2 3/8"" Gray 13 Pt. Shipping Tags - Pre-Strung, 1000/Case","https://packrift.com/products/4-3-4-x-2-3-8-gray-13-pt-shipping-tags-pre-strung-1000-case","10","10",""
"G11052H","shopify_ZZ_15060993048944_53432287789424","labels","4.75x2.38"" Orange 13pt Shipping Tags Pre-Strung - 1000/Case","https://packrift.com/products/4-75x2-38-orange-13pt-shipping-tags-pre-strung-1000-case","10","10",""
"G11052J","shopify_ZZ_15060993245552_53432288084336","labels","4 3/4"" x 2 3/8"" Pink 13 Pt. Shipping Tags - Pre-Strung, Case of 1000","https://packrift.com/products/4-3-4-x-2-3-8-pink-13-pt-shipping-tags-pre-strung-case-of-1000","10","10",""
"G11053B","shopify_ZZ_15060999602544_53432574050672","labels","4 3/4 x 2 3/8"" Light Blue 13 Pt. Shipping Tags - Pre-Wired, Case/1000","https://packrift.com/products/4-3-4-x-2-3-8-light-blue-13-pt-shipping-tags-pre-wired-case-1000","10","10",""
"G11053D","shopify_ZZ_15060999864688_53432591942000","labels","4 3/4"" x 2 3/8"" Green 13 Pt. Shipping Tags - Pre-Wired, Case of 1000","https://packrift.com/products/4-3-4-x-2-3-8-green-13-pt-shipping-tags-pre-wired-case-of-1000","10","10",""
"G11053F","shopify_ZZ_15061000257904_53432618287472","labels","4 3/4 x 2 3/8"" Gray 13 Pt. Shipping Tags Pre-Wired - Case of 1000","https://packrift.com/products/4-3-4-x-2-3-8-gray-13-pt-shipping-tags-pre-wired-case-of-1000","10","10",""
"G11053H","shopify_ZZ_15061000520048_53432635621744","labels","4 3/4 x 2 3/8"" Orange 13 Pt. Shipping Tags - Pre-Wired, Case of 1000","https://packrift.com/products/4-3-4-x-2-3-8-orange-13-pt-shipping-tags-pre-wired-case-of-1000","10","10",""
"G11061A","shopify_ZZ_15060987511152_53431924031856","labels","5 1/4 x 2 5/8"" Dark Blue 13 Pt. Shipping Tags - Case of 1000","https://packrift.com/products/5-1-4-x-2-5-8-dark-blue-13-pt-shipping-tags-case-of-1000","10","10",""
"G11061B","shopify_ZZ_15060987576688_53431932223856","labels","5 1/4 x 2 5/8"" Light Blue 13 Pt. Shipping Tags - Durable, Case of 1000","https://packrift.com/products/5-1-4-x-2-5-8-light-blue-13-pt-shipping-tags-durable-case-of-1000","10","10",""
"G11061C","shopify_ZZ_15060987674992_53431948575088","labels","5 1/4"" x 2 5/8"" Yellow 13 Pt. Shipping Tags - Tear-Resistant, 1000/Case","https://packrift.com/products/5-1-4-x-2-5-8-yellow-13-pt-shipping-tags-tear-resistant-1000-case","10","10",""
"G11061F","shopify_ZZ_15060987904368_53431973183856","labels","5 1/4 x 2 5/8"" Gray 13 Pt. Shipping Tags - 1000/Case","https://packrift.com/products/5-1-4-x-2-5-8-gray-13-pt-shipping-tags-1000-case","10","10",""
"G11061J","shopify_ZZ_15060988133744_53431989633392","labels","5 1/4 x 2 5/8"" Pink 13 Pt. Shipping Tags - Durable, Case of 1000","https://packrift.com/products/5-1-4-x-2-5-8-pink-13-pt-shipping-tags-durable-case-of-1000","10","10",""
"G11062B","shopify_ZZ_15060993573232_53432288969072","labels","5 1/4"" x 2 5/8"" Light Blue 13 Pt. Shipping Tags - Pre-Strung, Case of 1000","https://packrift.com/products/5-1-4-x-2-5-8-light-blue-13-pt-shipping-tags-pre-strung-case-of-1000","10","10",""
"G11062C","shopify_ZZ_15060993704304_53432289165680","labels","5 1/4 x 2 5/8"" Yellow 13 Pt. Shipping Tags Pre-Strung - 1000/Case","https://packrift.com/products/5-1-4-x-2-5-8-yellow-13-pt-shipping-tags-pre-strung-1000-case","10","10",""
"G11062D","shopify_ZZ_15060993868144_53432289493360","labels","5 1/4"" x 2 5/8"" Green 13 Pt. Shipping Tags - Pre-Strung, Case of 1000","https://packrift.com/products/5-1-4-x-2-5-8-green-13-pt-shipping-tags-pre-strung-case-of-1000","10","10",""
"G11062F","shopify_ZZ_15060993999216_53432289755504","labels","5 1/4"" x 2 5/8"" Gray 13 Pt. Shipping Tags - Pre-Strung, Case of 1000","https://packrift.com/products/5-1-4-x-2-5-8-gray-13-pt-shipping-tags-pre-strung-case-of-1000","10","10",""
"G11062H","shopify_ZZ_15060994097520_53432289919344","labels","5 1/4"" x 2 5/8"" Orange 13 Pt. Shipping Tags Pre-Strung, 1000/Case","https://packrift.com/products/5-1-4-x-2-5-8-orange-13-pt-shipping-tags-pre-strung-1000-case","10","10",""
"G11062J","shopify_ZZ_15060994163056_53432290050416","labels","5 1/4"" x 2 5/8"" Pink 13 Pt. Shipping Tags - Pre-Strung, Case of 1000","https://packrift.com/products/5-1-4-x-2-5-8-pink-13-pt-shipping-tags-pre-strung-case-of-1000","10","10",""
"G11063B","shopify_ZZ_15061000716656_53432660656496","labels","5 1/4"" x 2 5/8"" Light Blue 13 Pt. Pre-Wired Shipping Tags - 1000/Case","https://packrift.com/products/5-1-4-x-2-5-8-light-blue-13-pt-pre-wired-shipping-tags-1000-case","10","10",""
"G11063D","shopify_ZZ_15061000880496_53432685429104","labels","5 1/4 x 2 5/8"" Green 13 Pt. Shipping Tags Pre-Wired - 1000/Case","https://packrift.com/products/5-1-4-x-2-5-8-green-13-pt-shipping-tags-pre-wired-1000-case","10","10",""
"G11063F","shopify_ZZ_15061001044336_53432701845872","labels","5 1/4"" x 2 5/8"" Gray 13 Pt. Pre-Wired Shipping Tags - Case of 1000","https://packrift.com/products/5-1-4-x-2-5-8-gray-13-pt-pre-wired-shipping-tags-case-of-1000","10","10",""
"G11063H","shopify_ZZ_15061001273712_53432718721392","labels","5 1/4"" x 2 5/8"" Orange 13pt Cardstock Shipping Tags - Pre-Wired, Case of 1000","https://packrift.com/products/5-1-4-x-2-5-8-orange-13pt-cardstock-shipping-tags-pre-wired-case-of-1000","10","10",""
"G11063J","shopify_ZZ_15061001339248_53432735072624","labels","5 1/4"" x 2 5/8"" Pink 13 Pt. Pre-Wired Shipping Tags - Case of 1000","https://packrift.com/products/5-1-4-x-2-5-8-pink-13-pt-pre-wired-shipping-tags-case-of-1000","10","10",""
"G11071B","shopify_ZZ_15060988395888_53432014406000","labels","5 3/4"" x 2 7/8"" Light Blue 13 Pt Shipping Tags - 1000/Case","https://packrift.com/products/5-3-4-x-2-7-8-light-blue-13-pt-shipping-tags-1000-case","10","10",""
"G11071C","shopify_ZZ_15060988494192_53432022827376","labels","5 3/4"" x 2 7/8"" Yellow 13 Pt. Shipping Tags - 1000/Case","https://packrift.com/products/5-3-4-x-2-7-8-yellow-13-pt-shipping-tags-1000-case","10","10",""
"G11071E","shopify_ZZ_15060988690800_53432047403376","labels","5 3/4"" x 2 7/8"" Red 13 Pt. Shipping Tags - 1000/Case","https://packrift.com/products/5-3-4-x-2-7-8-red-13-pt-shipping-tags-1000-case","10","10",""
"G11071G","shopify_ZZ_15060988789104_53432048484720","labels","5 3/4"" x 2 7/8"" White 13 Pt. Shipping Tags - 1000/Case","https://packrift.com/products/5-3-4-x-2-7-8-white-13-pt-shipping-tags-1000-case","10","10",""
"G11071J","shopify_ZZ_15060989051248_53432073847152","labels","5 3/4 x 2 7/8"" Pink 13 Pt. Shipping Tags - 1000/Case","https://packrift.com/products/5-3-4-x-2-7-8-pink-13-pt-shipping-tags-1000-case","10","10",""
"G11072D","shopify_ZZ_15060994261360_53432290378096","labels","5 3/4 x 2 7/8"" Green 13 Pt. Shipping Tags - Pre-Strung, Case/1000","https://packrift.com/products/5-3-4-x-2-7-8-green-13-pt-shipping-tags-pre-strung-case-1000","10","10",""
"G11072E","shopify_ZZ_15060994326896_53432290574704","labels","5.75x2.88"" Red 13Pt Shipping Tags Pre-Strung 1000/Case","https://packrift.com/products/5-75x2-88-red-13pt-shipping-tags-pre-strung-1000-case","10","10",""
"G11073A","shopify_ZZ_15061001503088_53432743264624","labels","5 3/4"" x 2 7/8"" Dark Blue 13 Pt. Shipping Tags - Pre-Wired, Case of 1000","https://packrift.com/products/5-3-4-x-2-7-8-dark-blue-13-pt-shipping-tags-pre-wired-case-of-1000","10","10",""
"G11073C","shopify_ZZ_15061001568624_53432759615856","labels","5 3/4"" x 2 7/8"" Yellow 13 Pt. Shipping Tags - Pre-Wired, Case of 1000","https://packrift.com/products/5-3-4-x-2-7-8-yellow-13-pt-shipping-tags-pre-wired-case-of-1000","10","10",""
"G11073G","shopify_ZZ_15061002027376_53432795169136","labels","5 3/4"" x 2 7/8"" White 13 Pt. Pre-Wired Shipping Tags - 1000/Case","https://packrift.com/products/5-3-4-x-2-7-8-white-13-pt-pre-wired-shipping-tags-1000-case","10","10",""
"G11073J","shopify_ZZ_15061002223984_53432811651440","labels","5 3/4"" x 2 7/8"" Pink 13 Pt. Shipping Tags - Pre-Wired, Case of 1000","https://packrift.com/products/5-3-4-x-2-7-8-pink-13-pt-shipping-tags-pre-wired-case-of-1000","10","10",""
"G11081B","shopify_ZZ_15060989247856_53432090984816","labels","6 1/4"" x 3 1/8"" Light Blue 13 Pt. Shipping Tags - 1000/Case","https://packrift.com/products/6-1-4-x-3-1-8-light-blue-13-pt-shipping-tags-1000-case","10","10",""
"G11081D","shopify_ZZ_15060989411696_53432116117872","labels","6 1/4 x 3 1/8"" Green 13 Pt. Shipping Tags - 1000/Case","https://packrift.com/products/6-1-4-x-3-1-8-green-13-pt-shipping-tags-1000-case","10","10",""
"G11081H","shopify_ZZ_15060989706608_53432148918640","labels","6 1/4"" x 3 1/8"" Orange 13 Pt. Shipping Tags - 1000/Case","https://packrift.com/products/6-1-4-x-3-1-8-orange-13-pt-shipping-tags-1000-case","10","10",""
"G11082D","shopify_ZZ_15060994818416_53432291557744","labels","6 1/4 x 3 1/8"" Green 13 Pt. Shipping Tags Pre-Strung - 1000/Case","https://packrift.com/products/6-1-4-x-3-1-8-green-13-pt-shipping-tags-pre-strung-1000-case","10","10",""
"G11082F","shopify_ZZ_15060994916720_53432291852656","labels","6 1/4 x 3 1/8"" Gray 13pt Shipping Tags - Pre-Strung, Case 1000","https://packrift.com/products/6-1-4-x-3-1-8-gray-13pt-shipping-tags-pre-strung-case-1000","10","10",""
"G11082H","shopify_ZZ_15060994982256_53432291950960","labels","6 1/4"" x 3 1/8"" Orange 13 Pt. Shipping Tags - Pre-Strung, 1000/Case","https://packrift.com/products/6-1-4-x-3-1-8-orange-13-pt-shipping-tags-pre-strung-1000-case","10","10",""
"G11082J","shopify_ZZ_15060995015024_53432292016496","labels","6 1/4 x 3 1/8"" Pink 13 Pt. Shipping Tags Pre-Strung 1000/Case","https://packrift.com/products/6-1-4-x-3-1-8-pink-13-pt-shipping-tags-pre-strung-1000-case","10","10",""
"G11083A","shopify_ZZ_15061002355056_53432821219696","labels","6.25 x 3.13"" Dark Blue 13 Pt. Pre-Wired Shipping Tags - Case 1000","https://packrift.com/products/6-25-x-3-13-dark-blue-13-pt-pre-wired-shipping-tags-case-1000","10","10",""
"G11083C","shopify_ZZ_15061002649968_53432830132592","labels","6 1/4 x 3 1/8"" Yellow 13 Pt. Shipping Tags - Pre-Wired, Case of 1000","https://packrift.com/products/6-1-4-x-3-1-8-yellow-13-pt-shipping-tags-pre-wired-case-of-1000","10","10",""
"G11083E","shopify_ZZ_15061002846576_53432854708592","labels","6 1/4"" x 3 1/8"" Red 13 Pt. Pre-Wired Shipping Tags - 1000/Case","https://packrift.com/products/6-1-4-x-3-1-8-red-13-pt-pre-wired-shipping-tags-1000-case","10","10",""
"G11083H","shopify_ZZ_15061003207024_53432888000880","labels","6 1/4 x 3 1/8"" Orange 13 Pt. Shipping Tags - Pre-Wired, Case of 1000","https://packrift.com/products/6-1-4-x-3-1-8-orange-13-pt-shipping-tags-pre-wired-case-of-1000","10","10",""
"G11091G","shopify_ZZ_15060990165360_53432198365552","labels","8 x 4"" White 13 Pt. Shipping Tags - Tear-Resistant, Case of 500","https://packrift.com/products/8-x-4-white-13-pt-shipping-tags-tear-resistant-case-of-500","10","10",""
"G11091J","shopify_ZZ_15060990361968_53432223400304","labels","4x8"" 13 Pt. Pink Shipping Tags - Durable Cardstock, Case of 500","https://packrift.com/products/4x8-13-pt-pink-shipping-tags-durable-cardstock-case-of-500","10","10",""
"G11092C","shopify_ZZ_15060995113328_53432292311408","labels","8x4"" Yellow 13 Pt. Shipping Tags Pre-Strung - Case of 500","https://packrift.com/products/8x4-yellow-13-pt-shipping-tags-pre-strung-case-of-500","10","10",""
"G11092D","shopify_ZZ_15060995178864_53432292376944","labels","8x4"" Green 13 Pt. Shipping Tags Pre-Strung - Case of 500","https://packrift.com/products/8x4-green-13-pt-shipping-tags-pre-strung-case-of-500","10","10",""
"G11092F","shopify_ZZ_15060995277168_53432292475248","labels","8x4"" Gray 13 Pt. Shipping Tags Pre-Strung - 500/Case","https://packrift.com/products/8x4-gray-13-pt-shipping-tags-pre-strung-500-case","10","10",""
"G11092J","shopify_ZZ_15060995441008_53432292639088","labels","8x4"" Pink 13pt Shipping Tags Pre-Strung - 500/Case","https://packrift.com/products/8x4-pink-13pt-shipping-tags-pre-strung-500-case","10","10",""
"G11093B","shopify_ZZ_15061003960688_53432913265008","labels","4x8"" 13pt Light Blue Pre-Wired Shipping Tags - 500/Case","https://packrift.com/products/4x8-13pt-light-blue-pre-wired-shipping-tags-500-case","10","10",""
"G11093F","shopify_ZZ_15061004812656_53432963301744","labels","8x4"" Gray 13 Pt. Shipping Tags - Pre-Wired, Case of 500","https://packrift.com/products/8x4-gray-13-pt-shipping-tags-pre-wired-case-of-500","10","10",""
"G11093H","shopify_ZZ_15061005140336_53432988107120","labels","8x4"" Orange 13 Pt. Shipping Tags Pre-Wired - 500/Case","https://packrift.com/products/8x4-orange-13-pt-shipping-tags-pre-wired-500-case","10","10",""
"G12011B","shopify_ZZ_15061005730160_53433005113712","labels","2 3/4"" x 1 3/8"" Fluorescent Green 13 Pt Shipping Tags - 1000/Case","https://packrift.com/products/2-3-4-x-1-3-8-fluorescent-green-13-pt-shipping-tags-1000-case","10","10",""
"G12011E","shopify_ZZ_15061006221680_53433030214000","labels","2 3/4 x 1 3/8"" Fluorescent Pink 13 Pt. Shipping Tags - 1000/Case","https://packrift.com/products/2-3-4-x-1-3-8-fluorescent-pink-13-pt-shipping-tags-1000-case","10","10",""
"G12012A","shopify_ZZ_15061010841968_53433348522352","labels","2 3/4 x 1 3/8"" Fluorescent Yellow 13 Pt. Shipping Tags - Pre-Strung, Case of 1000","https://packrift.com/products/2-3-4-x-1-3-8-fluorescent-yellow-13-pt-shipping-tags-pre-strung-case-of-1000","10","10",""
"G12012B","shopify_ZZ_15061010940272_53433357009264","labels","2 3/4"" x 1 3/8"" Fluorescent Green 13 Pt. Shipping Tags - Pre-Strung, Case of 1000","https://packrift.com/products/2-3-4-x-1-3-8-fluorescent-green-13-pt-shipping-tags-pre-strung-case-of-1000","10","10",""
"G12012C","shopify_ZZ_15061011038576_53433365234032","labels","2 3/4 x 1 3/8"" Fluorescent Red 13 Pt. Shipping Tags - Pre-Strung, Case of 1000","https://packrift.com/products/2-3-4-x-1-3-8-fluorescent-red-13-pt-shipping-tags-pre-strung-case-of-1000","10","10",""
"G12013A","shopify_ZZ_15061014708592_53433578684784","labels","2 3/4 x 1 3/8"" Fluorescent Yellow 13 Pt. Shipping Tags - Pre-Wired, Case of 1000","https://packrift.com/products/2-3-4-x-1-3-8-fluorescent-yellow-13-pt-shipping-tags-pre-wired-case-of-1000","10","10",""
"G12013B","shopify_ZZ_15061014839664_53433578946928","labels","2 3/4 x 1 3/8"" Fluorescent Green 13 Pt Shipping Tags - Pre-Wired, Case of 1000","https://packrift.com/products/2-3-4-x-1-3-8-fluorescent-green-13-pt-shipping-tags-pre-wired-case-of-1000","10","10",""
"G12013E","shopify_ZZ_15061015167344_53433580290416","labels","2 3/4"" x 1 3/8"" Fluorescent Pink 13 Pt. Shipping Tags - Pre-Wired, Case of 1000","https://packrift.com/products/2-3-4-x-1-3-8-fluorescent-pink-13-pt-shipping-tags-pre-wired-case-of-1000","10","10",""
"G12022A","shopify_ZZ_15061011333488_53433390694768","labels","3.25 x 1.625 Fluorescent Yellow 13Pt Shipping Tags Pre-Strung 1000/Case","https://packrift.com/products/3-25-x-1-625-fluorescent-yellow-13pt-shipping-tags-pre-strung-1000-case","10","10",""
"G12022C","shopify_ZZ_15061011628400_53433399902576","labels","3 1/4x1 5/8"" Fluorescent Red 13 Pt Shipping Tags Pre-Strung 1000/Case","https://packrift.com/products/3-1-4x1-5-8-fluorescent-red-13-pt-shipping-tags-pre-strung-1000-case","10","10",""
"G12022D","shopify_ZZ_15061011693936_53433416483184","labels","3.25x1.625"" Fluorescent Orange 13Pt Shipping Tags Pre-Strung 1000/Case","https://packrift.com/products/3-25x1-625-fluorescent-orange-13pt-shipping-tags-pre-strung-1000-case","10","10",""
"G12022E","shopify_ZZ_15061011857776_53433424937328","labels","3 1/4 x 1 5/8"" Fluorescent Pink 13 Pt. Shipping Tags - Pre-Strung, 1000/Case","https://packrift.com/products/3-1-4-x-1-5-8-fluorescent-pink-13-pt-shipping-tags-pre-strung-1000-case","10","10",""
"G12023C","shopify_ZZ_15061015593328_53433581863280","labels","3 1/4 x 1 5/8"" Fluorescent Red 13 Pt Shipping Tags Pre-Wired Case 1000","https://packrift.com/products/3-1-4-x-1-5-8-fluorescent-red-13-pt-shipping-tags-pre-wired-case-1000","10","10",""
"G12031A","shopify_ZZ_15061006975344_53433084379504","labels","3 3/4"" x 1 7/8"" Fluorescent Yellow 13 Pt. Shipping Tags - Case of 1000","https://packrift.com/products/3-3-4-x-1-7-8-fluorescent-yellow-13-pt-shipping-tags-case-of-1000","10","10",""
"G12031B","shopify_ZZ_15061007040880_53433092571504","labels","3 3/4"" x 1 7/8"" Fluorescent Green 13 Pt. Shipping Tags - 1000/Case","https://packrift.com/products/3-3-4-x-1-7-8-fluorescent-green-13-pt-shipping-tags-1000-case","10","10",""
"G12031C","shopify_ZZ_15061007171952_53433101287792","labels","3 3/4"" x 1 7/8"" Fluorescent Red 13pt Shipping Tags - High-Visibility, Case of 1000","https://packrift.com/products/3-3-4-x-1-7-8-fluorescent-red-13pt-shipping-tags-high-visibility-case-of-1000","10","10",""
"G12031E","shopify_ZZ_15061007466864_53433126879600","labels","3 3/4"" x 1 7/8"" Fluorescent Pink 13 Pt Shipping Tags - 1000/Case","https://packrift.com/products/3-3-4-x-1-7-8-fluorescent-pink-13-pt-shipping-tags-1000-case","10","10",""
"G12032B","shopify_ZZ_15061011988848_53433433981296","labels","3 3/4"" x 1 7/8"" Fluorescent Green 13 Pt. Shipping Tags - Pre-Strung, Case of 1000","https://packrift.com/products/3-3-4-x-1-7-8-fluorescent-green-13-pt-shipping-tags-pre-strung-case-of-1000","10","10",""
"G12032D","shopify_ZZ_15061012250992_53433459540336","labels","3.75x1.875"" Fluorescent Orange 13 Pt Shipping Tags Pre-Strung 1000/Case","https://packrift.com/products/3-75x1-875-fluorescent-orange-13-pt-shipping-tags-pre-strung-1000-case","10","10",""
"G12032E","shopify_ZZ_15061012382064_53433468584304","labels","3 3/4"" x 1 7/8"" Fluorescent Pink 13 Pt. Shipping Tags - Pre-Strung, Case of 1000","https://packrift.com/products/3-3-4-x-1-7-8-fluorescent-pink-13-pt-shipping-tags-pre-strung-case-of-1000","10","10",""
"G12033D","shopify_ZZ_15061016052080_53433583010160","labels","3 3/4"" x 1 7/8"" Fluorescent Orange 13 Pt. Pre-Wired Shipping Tags - Case of 1000","https://packrift.com/products/3-3-4-x-1-7-8-fluorescent-orange-13-pt-pre-wired-shipping-tags-case-of-1000","10","10",""
"G12033E","shopify_ZZ_15061016117616_53433583075696","labels","3 3/4"" x 1 7/8"" Fluorescent Pink 13 Pt. Pre-Wired Shipping Tags - Case of 1000","https://packrift.com/products/3-3-4-x-1-7-8-fluorescent-pink-13-pt-pre-wired-shipping-tags-case-of-1000","10","10",""
"G12041C","shopify_ZZ_15061007892848_53433161482608","labels","4 1/4"" x 2 1/8"" Fluorescent Red 13 Pt. Shipping Tags - 1000/Case","https://packrift.com/products/4-1-4-x-2-1-8-fluorescent-red-13-pt-shipping-tags-1000-case","10","10",""
"G12042A","shopify_ZZ_15061012545904_53433485361520","labels","4.25x2.13"" Fluorescent Yellow 13pt Shipping Tags Pre-Strung Case 1000","https://packrift.com/products/4-25x2-13-fluorescent-yellow-13pt-shipping-tags-pre-strung-case-1000","10","10",""
"G12042B","shopify_ZZ_15061012578672_53433485394288","labels","4.25x2.13"" Fluorescent Green 13pt Shipping Tags - Pre-Strung, Case/1000","https://packrift.com/products/4-25x2-13-fluorescent-green-13pt-shipping-tags-pre-strung-case-1000","10","10",""
"G12042D","shopify_ZZ_15061012840816_53433494339952","labels","4.25x2.13"" Fluorescent Orange 13pt Shipping Tags - Pre-Strung, Case of 1000","https://packrift.com/products/4-25x2-13-fluorescent-orange-13pt-shipping-tags-pre-strung-case-of-1000","10","10",""
"G12043A","shopify_ZZ_15061016281456_53433583370608","labels","4.25"" x 2.13"" Fluorescent Yellow 13 Pt. Pre-Wired Shipping Tags - 1000/Case","https://packrift.com/products/4-25-x-2-13-fluorescent-yellow-13-pt-pre-wired-shipping-tags-1000-case","10","10",""
"G12043D","shopify_ZZ_15061016674672_53433586876784","labels","4 1/4 x 2 1/8"" Fluorescent Orange 13 Pt. Shipping Tags - Pre-Wired, Case of 1000","https://packrift.com/products/4-1-4-x-2-1-8-fluorescent-orange-13-pt-shipping-tags-pre-wired-case-of-1000","10","10",""
"G12043E","shopify_ZZ_15061016871280_53433587564912","labels","4 1/4 x 2 1/8"" Fluorescent Pink 13 Pt. Shipping Tags - Pre-Wired, Case of 1000","https://packrift.com/products/4-1-4-x-2-1-8-fluorescent-pink-13-pt-shipping-tags-pre-wired-case-of-1000","10","10",""
"G12051A","shopify_ZZ_15061008318832_53433180291440","labels","4 3/4"" x 2 3/8"" Fluorescent Yellow 13 Pt. Shipping Tags - 1000/Case","https://packrift.com/products/4-3-4-x-2-3-8-fluorescent-yellow-13-pt-shipping-tags-1000-case","10","10",""
"G12051B","shopify_ZZ_15061008515440_53433189466480","labels","4 3/4"" x 2 3/8"" Fluorescent Green 13 Pt Shipping Tags - 1000/Case","https://packrift.com/products/4-3-4-x-2-3-8-fluorescent-green-13-pt-shipping-tags-1000-case","10","10",""
"G12051C","shopify_ZZ_15061008613744_53433198182768","labels","4 3/4"" x 2 3/8"" Fluorescent Red 13 Pt. Shipping Tags - 1000/Case","https://packrift.com/products/4-3-4-x-2-3-8-fluorescent-red-13-pt-shipping-tags-1000-case","10","10",""
"G12051D","shopify_ZZ_15061008744816_53433207193968","labels","4 3/4 x 2 3/8"" Fluorescent Orange Shipping Tags - 13 Pt, Case of 1000","https://packrift.com/products/4-3-4-x-2-3-8-fluorescent-orange-shipping-tags-13-pt-case-of-1000","10","10",""
"G12052A","shopify_ZZ_15061013070192_53433512427888","labels","4 3/4 x 2 3/8"" Fluorescent Yellow 13 Pt. Shipping Tags - Pre-Strung, Case of 1000","https://packrift.com/products/4-3-4-x-2-3-8-fluorescent-yellow-13-pt-shipping-tags-pre-strung-case-of-1000","10","10",""
"G12053A","shopify_ZZ_15061016969584_53433588515184","labels","4 3/4"" x 2 3/8"" Fluorescent Yellow 13 Pt Shipping Tags - Pre-Wired, Case/1000","https://packrift.com/products/4-3-4-x-2-3-8-fluorescent-yellow-13-pt-shipping-tags-pre-wired-case-1000","10","10",""
"G12061B","shopify_ZZ_15061009203568_53433234981232","labels","5 1/4"" x 2 5/8"" Fluorescent Green 13 Pt. Shipping Tags - High-Visibility, Case of 1000","https://packrift.com/products/5-1-4-x-2-5-8-fluorescent-green-13-pt-shipping-tags-high-visibility-case-of-1000","10","10",""
"G12061E","shopify_ZZ_15061009564016_53433261425008","labels","5 1/4 x 2 5/8"" Fluorescent Pink 13 Pt Shipping Tags - 1000/Case","https://packrift.com/products/5-1-4-x-2-5-8-fluorescent-pink-13-pt-shipping-tags-1000-case","10","10",""
"G12062A","shopify_ZZ_15061013758320_53433548996976","labels","5 1/4 x 2 5/8"" Fluorescent Yellow 13 Pt. Shipping Tags - Pre-Strung, Case of 1000","https://packrift.com/products/5-1-4-x-2-5-8-fluorescent-yellow-13-pt-shipping-tags-pre-strung-case-of-1000","10","10",""
"G12062B","shopify_ZZ_15061013922160_53433558172016","labels","5 1/4 x 2 5/8"" Fluorescent Green 13 Pt. Shipping Tags Pre-Strung, Case of 1000","https://packrift.com/products/5-1-4-x-2-5-8-fluorescent-green-13-pt-shipping-tags-pre-strung-case-of-1000","10","10",""
"G12063B","shopify_ZZ_15061018050928_53433594773872","labels","5 1/4 x 2 5/8"" Fluorescent Green 13 Pt. Shipping Tags - Pre-Wired, Case of 1000","https://packrift.com/products/5-1-4-x-2-5-8-fluorescent-green-13-pt-shipping-tags-pre-wired-case-of-1000","10","10",""
"G12063E","shopify_ZZ_15061018673520_53433596772720","labels","5 1/4"" x 2 5/8"" Fluorescent Pink 13 Pt. Shipping Tags - Pre-Wired, Case of 1000","https://packrift.com/products/5-1-4-x-2-5-8-fluorescent-pink-13-pt-shipping-tags-pre-wired-case-of-1000","10","10",""
"G12071A","shopify_ZZ_15061009727856_53433270305136","labels","5 3/4 x 2 7/8"" Fluorescent Yellow 13 Pt. Shipping Tags - High-Visibility, Case of 1000","https://packrift.com/products/5-3-4-x-2-7-8-fluorescent-yellow-13-pt-shipping-tags-high-visibility-case-of-1000","10","10",""
"G12071C","shopify_ZZ_15061009924464_53433287508336","labels","5 3/4 x 2 7/8"" Fluorescent Red 13 Pt. Shipping Tags - High-Visibility, Case of 1000","https://packrift.com/products/5-3-4-x-2-7-8-fluorescent-red-13-pt-shipping-tags-high-visibility-case-of-1000","10","10",""
"G12072E","shopify_ZZ_15061014413680_53433577570672","labels","5 3/4x2 7/8 Fluorescent Pink 13Pt Shipping Tags Pre-Strung 1000/Case","https://packrift.com/products/5-3-4x2-7-8-fluorescent-pink-13pt-shipping-tags-pre-strung-1000-case","10","10",""
"G12073B","shopify_ZZ_15061018804592_53433597264240","labels","5 3/4"" x 2 7/8"" Fluorescent Green 13 Pt. Pre-Wired Shipping Tags - Case of 1000","https://packrift.com/products/5-3-4-x-2-7-8-fluorescent-green-13-pt-pre-wired-shipping-tags-case-of-1000","10","10",""
"G12073E","shopify_ZZ_15061018935664_53433597395312","labels","5 3/4"" x 2 7/8"" Fluorescent Pink 13 Pt. Shipping Tags Pre-Wired - Case of 1000","https://packrift.com/products/5-3-4-x-2-7-8-fluorescent-pink-13-pt-shipping-tags-pre-wired-case-of-1000","10","10",""
"G12081A","shopify_ZZ_15061010219376_53433312772464","labels","6.25x3.13"" Fluorescent Yellow 13Pt Shipping Tags - 1000/Case","https://packrift.com/products/6-25x3-13-fluorescent-yellow-13pt-shipping-tags-1000-case","10","10",""
"G12081C","shopify_ZZ_15061010448752_53433330303344","labels","6.25x3.13"" Fluorescent Red 13pt Shipping Tags - 1000/Case","https://packrift.com/products/6-25x3-13-fluorescent-red-13pt-shipping-tags-1000-case","10","10",""
"G12081D","shopify_ZZ_15061010547056_53433330696560","labels","6 1/4 x 3 1/8"" Fluorescent Orange 13 Pt Shipping Tags - 1000/Case","https://packrift.com/products/6-1-4-x-3-1-8-fluorescent-orange-13-pt-shipping-tags-1000-case","10","10",""
"G12082D","shopify_ZZ_15061014610288_53433578520944","labels","6 1/4 x 3 1/8"" Fluorescent Orange 13 Pt. Shipping Tags - Pre-Strung, Case of 1000","https://packrift.com/products/6-1-4-x-3-1-8-fluorescent-orange-13-pt-shipping-tags-pre-strung-case-of-1000","10","10",""
"G12083A","shopify_ZZ_15061019001200_53433597690224","labels","6 1/4 x 3 1/8"" Fluorescent Yellow 13 Pt. Shipping Tags - Pre-Wired, 1000/Case","https://packrift.com/products/6-1-4-x-3-1-8-fluorescent-yellow-13-pt-shipping-tags-pre-wired-1000-case","10","10",""
"G12083C","shopify_ZZ_15061019099504_53433597821296","labels","6 1/4"" x 3 1/8"" Fluorescent Red 13 Pt. Shipping Tags - Pre-Wired, Case of 1000","https://packrift.com/products/6-1-4-x-3-1-8-fluorescent-red-13-pt-shipping-tags-pre-wired-case-of-1000","10","10",""
"G12083E","shopify_ZZ_15061019230576_53433606111600","labels","6.25x3.13"" Fluorescent Pink 13pt Shipping Tags Pre-Wired - Case/1000","https://packrift.com/products/6-25x3-13-fluorescent-pink-13pt-shipping-tags-pre-wired-case-1000","10","10",""
"G13011","shopify_ZZ_15062393028976_53475877355888","labels","2 3/4 x 1 3/8"" Tyvek Shipping Tags - Tear & Moisture Resistant, Case of 1000","https://packrift.com/products/2-3-4-x-1-3-8-tyvek-shipping-tags-tear-moisture-resistant-case-of-1000","10","10",""
"G13013","shopify_ZZ_15062392701296_53475876864368","labels","2 3/4 x 1 3/8"" Tyvek Shipping Tags Pre-Wired - Case of 1000","https://packrift.com/products/2-3-4-x-1-3-8-tyvek-shipping-tags-pre-wired-case-of-1000","10","10",""
"G13021","shopify_ZZ_15062393061744_53475877388656","labels","3.25"" x 1.625"" Tyvek Shipping Tags, White, 1000/Case - Tear & Moisture-Resistant","https://packrift.com/products/3-25-x-1-625-tyvek-shipping-tags-white-1000-case-tear-moisture-resistant","10","10",""
"G13033","shopify_ZZ_15062392799600_53475877126512","labels","3 3/4"" x 1 7/8"" Tyvek Shipping Tags - Pre-Wired, 1000/Case","https://packrift.com/products/3-3-4-x-1-7-8-tyvek-shipping-tags-pre-wired-1000-case","10","10",""
"G13041","shopify_ZZ_15062393127280_53475877486960","labels","4.25"" x 2.13"" Tyvek Shipping Tags - Tear & Moisture Resistant, 1000/Case","https://packrift.com/products/4-25-x-2-13-tyvek-shipping-tags-tear-moisture-resistant-1000-case","10","10",""
"G13053","shopify_ZZ_15062392897904_53475877224816","labels","4 3/4 x 2 3/8"" Tyvek Pre-Wired Shipping Tags - 1000/Case","https://packrift.com/products/4-3-4-x-2-3-8-tyvek-pre-wired-shipping-tags-1000-case","10","10",""
"G13071","shopify_ZZ_15062393225584_53475877585264","labels","5 3/4 x 2 7/8"" Tyvek White Shipping Tags - Tear & Moisture Resistant, 1000/Case","https://packrift.com/products/5-3-4-x-2-7-8-tyvek-white-shipping-tags-tear-moisture-resistant-1000-case","10","10",""
"G13073","shopify_ZZ_15062392963440_53475877290352","labels","5 3/4"" x 2 7/8"" Tyvek Pre-Wired Shipping Tags - 1000/Case","https://packrift.com/products/5-3-4-x-2-7-8-tyvek-pre-wired-shipping-tags-1000-case","10","10",""
"G13083","shopify_ZZ_15062392996208_53475877323120","labels","6 1/4"" x 3 1/8"" Tyvek Pre-Wired Shipping Tags - 1000/Case","https://packrift.com/products/6-1-4-x-3-1-8-tyvek-pre-wired-shipping-tags-1000-case","10","10",""
"G14011B","shopify_ZZ_15062388965744_53475856515440","labels","2 3/4 x 1 3/8"" Yellow Tyvek Shipping Tags - Durable Color-Coded Labels, Case of 100","https://packrift.com/products/2-3-4-x-1-3-8-yellow-tyvek-shipping-tags-durable-color-coded-labels-case-of-100","10","10",""
"G14013B","shopify_ZZ_15062391357808_53475874734448","labels","2 3/4"" x 1 3/8"" Yellow Tyvek Pre-Wired Shipping Tags - Case of 100","https://packrift.com/products/2-3-4-x-1-3-8-yellow-tyvek-pre-wired-shipping-tags-case-of-100","10","10",""
"G14013E","shopify_ZZ_15062391456112_53475874832752","labels","2 3/4"" x 1 3/8"" Orange Tyvek Pre-Wired Shipping Tags - Case of 100","https://packrift.com/products/2-3-4-x-1-3-8-orange-tyvek-pre-wired-shipping-tags-case-of-100","10","10",""
"G14023A","shopify_ZZ_15062391488880_53475874865520","labels","3.25x1.625"" Blue Tyvek Pre-Wired Shipping Tags - 100/Case","https://packrift.com/products/3-25x1-625-blue-tyvek-pre-wired-shipping-tags-100-case","10","10",""
"G14023E","shopify_ZZ_15062391685488_53475875225968","labels","3 1/4"" x 1 5/8"" Orange Tyvek Pre-Wired Shipping Tags - Case of 100","https://packrift.com/products/3-1-4-x-1-5-8-orange-tyvek-pre-wired-shipping-tags-case-of-100","10","10",""
"G14033C","shopify_ZZ_15062391751024_53475875291504","labels","3 3/4"" x 1 7/8"" Green Tyvek Pre-Wired Shipping Tags - 100/Case","https://packrift.com/products/3-3-4-x-1-7-8-green-tyvek-pre-wired-shipping-tags-100-case","10","10",""
"G14033D","shopify_ZZ_15062391783792_53475875324272","labels","3 3/4"" x 1 7/8"" Red Tyvek Pre-Wired Shipping Tags - 100/Case","https://packrift.com/products/3-3-4-x-1-7-8-red-tyvek-pre-wired-shipping-tags-100-case","10","10",""
"G14041A","shopify_ZZ_15062389686640_53475869032816","labels","4.25x2.13"" Blue Tyvek Shipping Tags - Durable Color-Coded Identification, Case of 100","https://packrift.com/products/4-25x2-13-blue-tyvek-shipping-tags-durable-color-coded-identification-case-of-100","10","10",""
"G14041C","shopify_ZZ_15062389817712_53475871523184","labels","4.25"" x 2.125"" Green Tyvek Shipping Tags - Tear & Moisture Resistant, Case of 100","https://packrift.com/products/4-25-x-2-125-green-tyvek-shipping-tags-tear-moisture-resistant-case-of-100","10","10",""
"G14041D","shopify_ZZ_15062389850480_53475871555952","labels","4.25"" x 2.13"" Red Tyvek Shipping Tags - Durable Color-Coded Labels, 100/Case","https://packrift.com/products/4-25-x-2-13-red-tyvek-shipping-tags-durable-color-coded-labels-100-case","10","10",""
"G14053E","shopify_ZZ_15062392111472_53475875783024","labels","4 3/4"" x 2 3/8"" Orange Tyvek Pre-Wired Shipping Tags - Case of 100","https://packrift.com/products/4-3-4-x-2-3-8-orange-tyvek-pre-wired-shipping-tags-case-of-100","10","10",""
"G14063D","shopify_ZZ_15062392242544_53475875914096","labels","5 1/4 x 2 5/8"" Red Tyvek Pre-Wired Shipping Tags, Case of 100","https://packrift.com/products/5-1-4-x-2-5-8-red-tyvek-pre-wired-shipping-tags-case-of-100","10","10",""
"G14071B","shopify_ZZ_15062390243696_53475872113008","labels","5 3/4"" x 2 7/8"" Yellow Tyvek Shipping Tags, Case of 100","https://packrift.com/products/5-3-4-x-2-7-8-yellow-tyvek-shipping-tags-case-of-100","10","10",""
"G14081A","shopify_ZZ_15062390374768_53475872244080","labels","6 1/4 x 3 1/8"" Blue Tyvek Shipping Tags - Tear & Moisture Resistant, Case of 100","https://packrift.com/products/6-1-4-x-3-1-8-blue-tyvek-shipping-tags-tear-moisture-resistant-case-of-100","10","10",""
"G14081B","shopify_ZZ_15062390407536_53475872276848","labels","6.25"" x 3.13"" Yellow Tyvek Shipping Tags - Tear & Chemical Resistant, Case of 100","https://packrift.com/products/6-25-x-3-13-yellow-tyvek-shipping-tags-tear-chemical-resistant-case-of-100","10","10",""
"G14081E","shopify_ZZ_15062390604144_53475872735600","labels","6 1/4 x 3 1/8"" Orange Tyvek Shipping Tags - Durable Color-Coded Case of 100","https://packrift.com/products/6-1-4-x-3-1-8-orange-tyvek-shipping-tags-durable-color-coded-case-of-100","10","10",""
"G14083A","shopify_ZZ_15062392504688_53475876209008","labels","6 1/4"" x 3 1/8"" Blue Tyvek Pre-Wired Shipping Tags - Case of 100","https://packrift.com/products/6-1-4-x-3-1-8-blue-tyvek-pre-wired-shipping-tags-case-of-100","10","10",""
"G15021","shopify_ZZ_15061777482096_53473329217904","labels","6 1/4 x 3 1/8 Carbonless Inventory Tags 2-Part #8 - Case of 500","https://packrift.com/products/6-1-4-x-3-1-8-carbonless-inventory-tags-2-part-8-case-of-500","10","10",""
"G15033","shopify_ZZ_15061778071920_53473330135408","labels","6 1/4 x 3 1/8"" 2-Part Carbonless Inventory Tags #8 - Pre-Wired, Case/500","https://packrift.com/products/6-1-4-x-3-1-8-2-part-carbonless-inventory-tags-8-pre-wired-case-500","10","10",""
"G15071","shopify_ZZ_15061777645936_53473329381744","labels","6 1/4 x 3 1/8 Inventory Tags 2-Part Carbonless #8 - 500/Case","https://packrift.com/products/6-1-4-x-3-1-8-inventory-tags-2-part-carbonless-8-500-case","10","10",""
"G15083","shopify_ZZ_15061778137456_53473330200944","labels","6 1/4 x 3 1/8"" #8 Carbonless Inventory Tags - Pre-Wired, Case of 500","https://packrift.com/products/6-1-4-x-3-1-8-8-carbonless-inventory-tags-pre-wired-case-of-500","10","10",""
"G15141","shopify_ZZ_15061777678704_53473329414512","labels","6 1/4 x 3 1/8"" Carbonless Inventory Tags #8 - 500/Case","https://packrift.com/products/6-1-4-x-3-1-8-carbonless-inventory-tags-8-500-case","10","10",""
"G15143","shopify_ZZ_15061778366832_53473330430320","labels","6.25x3.13"" 2-Part Carbonless Inventory Tags #8 Pre-Wired - 500/Case","https://packrift.com/products/6-25x3-13-2-part-carbonless-inventory-tags-8-pre-wired-500-case","10","10",""
"G15151","shopify_ZZ_15061777809776_53473329545584","labels","6 1/4 x 3 1/8"" #8 Carbonless Inventory Tags 2-Part, 500/Case","https://packrift.com/products/6-1-4-x-3-1-8-8-carbonless-inventory-tags-2-part-500-case","10","10",""
"G15203","shopify_ZZ_15061778039152_53473330102640","labels","6 1/4 x 3 1/8"" 2-Part Carbonless Inventory Tags #8 Pre-Wired - Case of 500","https://packrift.com/products/6-1-4-x-3-1-8-2-part-carbonless-inventory-tags-8-pre-wired-case-of-500","10","10",""
"G16033","shopify_ZZ_15061779054960_53473331609968","labels","6 1/4 x 3 1/8"" 3-Part Carbonless Inventory Tags #8 - 1000/Case","https://packrift.com/products/6-1-4-x-3-1-8-3-part-carbonless-inventory-tags-8-1000-case","10","10",""
"G16141","shopify_ZZ_15061779644784_53473332199792","labels","6 1/4 x 3 1/8 Inventory Tags 3-Part Carbonless - 500 Count","https://packrift.com/products/6-1-4-x-3-1-8-inventory-tags-3-part-carbonless-500-count","10","10",""
"G16161","shopify_ZZ_15061779218800_53473331773808","labels","6 1/4 x 3 1/8"" 3-Part Carbonless Inventory Tags #8 - 500/Case","https://packrift.com/products/6-1-4-x-3-1-8-3-part-carbonless-inventory-tags-8-500-case","10","10",""
"G16173","shopify_ZZ_15061779022192_53473331577200","labels","6 1/4 x 3 1/8"" 3-Part Carbonless Inventory Tags #8 - Pre-Wired, Case of 500","https://packrift.com/products/6-1-4-x-3-1-8-3-part-carbonless-inventory-tags-8-pre-wired-case-of-500","10","10",""
"G16183","shopify_ZZ_15061779415408_53473331970416","labels","6 1/4 x 3 1/8"" 3-Part Carbonless Inventory Tags #8 Pre-Wired - Case/500","https://packrift.com/products/6-1-4-x-3-1-8-3-part-carbonless-inventory-tags-8-pre-wired-case-500","10","10",""
